Date,Time,Latitude,Longitude,Magnitude,Epicenter,Datetime,Inferred_District
2025-04-04,20:10,28.96,82.12,5.5,Jajarkot,2025-04-04 20:10:00,JAJARKOT
2025-04-04,20:07,28.95,82.12,5.2,Jajarkot,2025-04-04 20:07:00,JAJARKOT
2025-04-03,17:04,30.02,80.84,4.0,Darchula,2025-04-03 17:04:00,DARCHULA
2025-03-26,19:44,29.69,81.82,4.5,Humla,2025-03-26 19:44:00,HUMLA
2025-03-26,18:27,28.7,86.74,5.5,"Tingri, China",2025-03-26 18:27:00,
2025-03-18,06:33,29.19,81.44,4.3,Achham,2025-03-18 06:33:00,ACHHAM
2025-03-10,04:11,28.28,84.13,4.3,Kaski,2025-03-10 04:11:00,KASKI
2025-03-08,14:35,28.42,87.63,5.9,"Dinggye, China",2025-03-08 14:35:00,
2025-03-08,06:20,28.46,83.22,4.1,Baglung,2025-03-08 06:20:00,BAGLUNG
2025-03-07,03:14,28.53,83.33,4.0,Myagdi,2025-03-07 03:14:00,MYAGDI
2025-02-27,02:51,27.98,85.88,6.1,Sindhupalchowk,2025-02-27 02:51:00,SINDHUPALCHOK
2025-02-12,15:38,29.35,82.18,4.1,Jumla,2025-02-12 15:38:00,JUMLA
2025-02-04,17:20,28.98,81.5,4.4,Dailekh,2025-02-04 17:20:00,DAILEKH
2025-01-07,06:50,28.31,87.37,7.0,"Dinggye, China",2025-01-07 06:50:00,
2025-01-03,08:03,29.57,82.19,4.4,Mugu,2025-01-03 08:03:00,MUGU
2025-01-03,08:29,28.54,84.13,4.1,Manang,2025-01-03 08:29:00,MANANG
2025-01-02,13:02,27.77,85.57,4.8,Sindhupalchok,2025-01-02 13:02:00,SINDHUPALCHOK
2024-12-31,07:54,29.45,80.86,4.6,Baitadi,2024-12-31 07:54:00,BAITADI
2024-12-26,06:33,29.07,82.32,4.2,Jajarkot,2024-12-26 06:33:00,JAJARKOT
2024-12-24,21:25,30.04,80.85,4.0,Darchula,2024-12-24 21:25:00,DARCHULA
2024-12-20,04:14,29.37,81.64,5.2,Bajura,2024-12-20 04:14:00,BAJURA
2024-12-19,07:37,28.55,84.15,4.7,"Neshyang, Manang",2024-12-19 07:37:00,MANANG
2024-12-18,15:02,29.7,81.3,4.1,Bajhang,2024-12-18 15:02:00,BAJHANG
2024-12-17,17:08,29.71,81.3,4.3,Bajhang,2024-12-17 17:08:00,BAJHANG
2024-11-21,10:13,28.53,84.13,4.2,Around Annapurna II (Border of Kaski and Manang),2024-11-21 10:13:00,KASKI
2024-11-07,19:56,27.85,86.15,4.6,Dolakha,2024-11-07 19:56:00,DOLAKHA
2024-10-26,23:30,27.74,86.15,4.5,Dolakha,2024-10-26 23:30:00,DOLAKHA
2024-09-22,14:09,29.49,80.82,4.0,Baitadi,2024-09-22 14:09:00,BAITADI
2024-09-18,10:08,29.43,81.07,4.3,Bajhang,2024-09-18 10:08:00,BAJHANG
2024-08-29,19:34,29.54,81.3,4.3,Bajhang,2024-08-29 19:34:00,BAJHANG
2024-06-28,07:13,28.07,85.55,4.2,Sindhupalchok,2024-06-28 07:13:00,SINDHUPALCHOK
2024-06-04,10:34,28.86,81.55,4.1,Dailekh,2024-06-04 10:34:00,DAILEKH
2024-03-17,09:44,28.05,85.26,4.0,Rasuwa,2024-03-17 09:44:00,RASUWA
2024-03-11,16:57,29.51,81.45,4.3,Bajura,2024-03-11 16:57:00,BAJURA
2024-03-09,07:30,28.44,84.08,4.0,Kaski,2024-03-09 07:30:00,KASKI
2024-02-19,04:58,27.66,86.23,4.1,Dolakha,2024-02-19 04:58:00,DOLAKHA
2024-02-16,09:32,29.45,81.01,4.4,Bajhang,2024-02-16 09:32:00,BAJHANG
2024-01-12,23:32,29.55,81.09,4.4,Bajhang,2024-01-12 23:32:00,BAJHANG
2024-01-04,10:17,28.1,85.75,4.6,Sindhupalchowk,2024-01-04 10:17:00,SINDHUPALCHOK
2023-12-31,22:21,27.94,85.84,5.0,Sindhupalchowk,2023-12-31 22:21:00,SINDHUPALCHOK
2023-11-29,18:44,29.63,81.15,4.1,Bajhang,2023-11-29 18:44:00,BAJHANG
2023-11-22,01:19,27.67,81.18,4.5,Makawanpur,2023-11-22 01:19:00,
2023-11-20,11:37,29.61,81.27,4.5,Bajhang,2023-11-20 11:37:00,BAJHANG
2023-11-19,14:59,28.58,82.85,4.3,Rukum-East,2023-11-19 14:59:00,RUKUM_E
2023-11-19,16:47,28.6,82.87,4.2,Rukum-East,2023-11-19 16:47:00,RUKUM_E
2023-11-14,21:15,28.91,82.11,4.0,Jajarkot,2023-11-14 21:15:00,JAJARKOT
2023-11-08,03:06,28.94,82.13,4.2,Jajarkot,2023-11-08 03:06:00,JAJARKOT
2023-11-07,12:58,29.83,81.71,4.0,Bajura,2023-11-07 12:58:00,BAJURA
2023-11-06,16:40,28.93,82.16,4.5,Jajarkot,2023-11-06 16:40:00,JAJARKOT
2023-11-06,16:31,28.94,82.21,5.8,Jajarkot,2023-11-06 16:31:00,JAJARKOT
2023-11-05,14:24,28.91,82.2,4.1,Jajarkot,2023-11-05 14:24:00,JAJARKOT
2023-11-04,15:40,28.94,82.24,4.2,Jajarkot,2023-11-04 15:40:00,JAJARKOT
2023-11-04,01:22,28.88,82.2,4.0,Jajarkot,2023-11-04 01:22:00,JAJARKOT
2023-11-03,00:29,28.96,82.17,4.2,Jajarkot,2023-11-03 00:29:00,JAJARKOT
2023-11-03,00:08,28.95,82.19,4.5,Jajarkot,2023-11-03 00:08:00,JAJARKOT
2023-11-03,23:47,28.92,82.21,6.4,Jajarkot,2023-11-03 23:47:00,JAJARKOT
2023-11-03,00:35,28.88,82.2,4.3,Jajarkot,2023-11-03 00:35:00,JAJARKOT
2023-11-03,04:16,28.92,82.26,4.5,JaJarkot,2023-11-03 04:16:00,JAJARKOT
2023-10-22,16:03,28.03,84.83,4.4,Dhading,2023-10-22 16:03:00,DHADING
2023-10-22,08:59,27.95,84.79,4.1,Dhading,2023-10-22 08:59:00,DHADING
2023-10-22,17:31,27.96,84.79,5.0,Dhading,2023-10-22 17:31:00,DHADING
2023-10-22,16:03,28.03,84.83,4.4,Dhading,2023-10-22 16:03:00,DHADING
2023-10-22,08:28,28.0,84.8,4.3,Dhading,2023-10-22 08:28:00,DHADING
2023-10-22,17:33,27.95,84.79,5.1,Dhading,2023-10-22 17:33:00,DHADING
2023-10-22,08:59,27.95,84.79,4.1,Dhading,2023-10-22 08:59:00,DHADING
2023-10-21,18:55,29.6,81.28,4.4,Bajhang,2023-10-21 18:55:00,BAJHANG
2023-10-18,22:03,29.62,81.19,4.6,Bajhang,2023-10-18 22:03:00,BAJHANG
2023-10-16,09:26,30.06,80.58,4.8,"Watan, India",2023-10-16 09:26:00,
2023-10-12,01:51,29.49,81.25,5.0,Bajhang,2023-10-12 01:51:00,BAJHANG
2023-10-12,00:31,28.48,83.21,4.4,Baglung,2023-10-12 00:31:00,BAGLUNG
2023-10-11,00:22,29.61,81.19,5.2,Bajhang,2023-10-11 00:22:00,BAJHANG
2023-10-07,11:45,29.58,81.26,5.3,Bajhang,2023-10-07 11:45:00,BAJHANG
2023-10-07,12:32,29.61,81.24,4.3,Bajhang,2023-10-07 12:32:00,BAJHANG
2023-10-06,12:43,29.77,81.24,4.2,Bajhang,2023-10-06 12:43:00,BAJHANG
2023-10-05,22:51,29.6,81.23,4.5,Bajhang,2023-10-05 22:51:00,BAJHANG
2023-10-05,11:45,29.6,81.23,4.5,Bajhang,2023-10-05 11:45:00,BAJHANG
2023-10-03,15:45,29.58,81.1,4.1,Bajhang,2023-10-03 15:45:00,BAJHANG
2023-10-03,04:27,29.41,81.26,4.3,Bajhang,2023-10-03 04:27:00,BAJURA
2023-10-03,15:06,29.59,81.19,6.3,Bajhang,2023-10-03 15:06:00,BAJHANG
2023-10-03,17:19,29.56,81.16,5.0,Bajhang,2023-10-03 17:19:00,BAJHANG
2023-10-03,15:18,29.52,81.18,4.4,Bajhang,2023-10-03 15:18:00,BAJHANG
2023-10-03,16:28,29.59,81.28,4.1,Bajhang,2023-10-03 16:28:00,BAJHANG
2023-10-03,17:38,29.65,81.27,5.0,Bajhang,2023-10-03 17:38:00,BAJHANG
2023-10-03,17:19,29.56,81.16,5.0,Bajhang,2023-10-03 17:19:00,BAJHANG
2023-10-03,15:45,29.58,81.1,4.1,Bajhang,2023-10-03 15:45:00,BAJHANG
2023-10-03,05:43,29.63,81.2,4.3,Bajhang,2023-10-03 05:43:00,BAJHANG
2023-10-03,00:16,29.62,81.27,4.1,Bajhang,2023-10-03 00:16:00,BAJHANG
2023-09-17,00:48,26.97,87.54,4.1,Panchthar,2023-09-17 00:48:00,PANCHTHAR
2023-08-31,01:11,27.37,87.06,4.0,Bhojpur,2023-08-31 01:11:00,BHOJPUR
2023-07-19,09:53,28.43,83.99,4.0,Kaski,2023-07-19 09:53:00,KASKI
2023-07-13,11:17,27.95,81.78,4.6,Humla,2023-07-13 11:17:00,BANKE
2023-06-23,05:55,28.15,84.54,4.0,Lamjung,2023-06-23 05:55:00,LAMJUNG
2023-06-19,04:55,29.78,80.92,4.0,Darchula,2023-06-19 04:55:00,DARCHULA
2023-06-12,07:38,29.72,81.61,4.4,Bajura,2023-06-12 07:38:00,BAJURA
2023-05-23,04:06,29.66,81.61,4.5,Bajura,2023-05-23 04:06:00,BAJURA
2023-05-22,18:54,29.68,81.61,4.1,Bajura,2023-05-22 18:54:00,BAJURA
2023-05-20,02:59,28.62,82.84,4.1,Rukum East,2023-05-20 02:59:00,RUKUM_E
2023-05-10,05:15,29.73,81.62,4.3,Bajura,2023-05-10 05:15:00,BAJURA
2023-05-04,13:17,29.78,81.58,4.1,Bajura,2023-05-04 13:17:00,BAJURA
2023-05-01,14:35,29.89,81.93,4.0,Humla,2023-05-01 14:35:00,HUMLA
2023-04-28,09:25,29.74,81.63,4.1,Bajura,2023-04-28 09:25:00,BAJURA
2023-04-27,01:30,29.78,81.61,5.9,Bajura,2023-04-27 01:30:00,BAJURA
2023-04-27,23:58,29.75,81.56,4.9,Bajura,2023-04-27 23:58:00,BAJURA
2023-04-23,13:30,29.38,81.34,4.1,Bajura,2023-04-23 13:30:00,BAJURA
2023-04-11,18:50,28.17,84.74,4.1,Gorkha,2023-04-11 18:50:00,GORKHA
2023-04-01,11:27,27.76,86.19,5.2,Dolakha,2023-04-01 11:27:00,DOLAKHA
2023-03-31,03:19,28.12,84.9,4.1,Gorkha,2023-03-31 03:19:00,GORKHA
2023-03-28,23:41,27.86,87.89,4.6,Taplejung,2023-03-28 23:41:00,TAPLEJUNG
2023-03-26,22:27,29.42,81.66,4.3,Bajura,2023-03-26 22:27:00,BAJURA
2023-03-24,09:51,29.64,81.89,4.5,Mugu,2023-03-24 09:51:00,MUGU
2023-03-13,18:56,28.95,81.68,4.1,Dailekh,2023-03-13 18:56:00,DAILEKH
2023-03-05,08:35,29.29,81.4,4.4,Bajura,2023-03-05 08:35:00,BAJURA
2023-03-05,08:03,27.57,85.59,4.3,Kavrepalanchok,2023-03-05 08:03:00,KABHREPALANCHOK
2023-03-01,17:42,27.82,88.02,4.0,Taplejung,2023-03-01 17:42:00,TAPLEJUNG
2023-02-28,10:03,27.08,87.96,4.3,Ilam,2023-02-28 10:03:00,ILAM
2023-02-22,13:45,29.68,81.67,5.2,Bajura,2023-02-22 13:45:00,BAJURA
2023-02-12,04:30,27.83,87.95,4.8,Taplejung,2023-02-12 04:30:00,TAPLEJUNG
2023-02-10,08:52,28.8,82.53,4.2,Rukum West,2023-02-10 08:52:00,RUKUM_W
2023-02-01,11:44,29.71,81.62,4.0,Bajura,2023-02-01 11:44:00,BAJURA
2023-01-31,00:24,27.42,87.47,4.0,Taplejung,2023-01-31 00:24:00,TAPLEJUNG
2023-01-25,01:07,29.64,81.68,4.1,Bajura,2023-01-25 01:07:00,BAJURA
2023-01-24,14:43,29.75,81.7,5.9,Bajura,2023-01-24 14:43:00,BAJURA
2023-01-21,04:38,27.8,85.81,4.2,Sindhupalchok,2023-01-21 04:38:00,SINDHUPALCHOK
2022-12-27,02:07,28.36,83.19,5.3,Baglung,2022-12-27 02:07:00,BAGLUNG
2022-12-27,03:28,28.45,83.09,4.0,Baglung,2022-12-27 03:28:00,BAGLUNG
2022-12-27,01:23,28.45,83.14,4.7,Baglung,2022-12-27 01:23:00,BAGLUNG
2022-12-23,07:15,29.1,83.3,4.6,Dolpa,2022-12-23 07:15:00,DOLPA
2022-12-21,01:00,30.0,80.74,4.1,Darchula,2022-12-21 01:00:00,
2022-12-18,22:53,28.26,85.06,4.5,Dhading,2022-12-18 22:53:00,DHADING
2022-11-28,10:45,26.93,87.26,4.0,Dhankuta,2022-11-28 10:45:00,DHANKUTA
2022-11-15,18:08,29.35,81.21,4.2,Achham,2022-11-15 18:08:00,ACHHAM
2022-11-12,20:12,29.45,81.19,5.4,Bajhang,2022-11-12 20:12:00,BAJHANG
2022-11-09,05:13,29.35,81.29,4.1,Bajura,2022-11-09 05:13:00,BAJURA
2022-11-08,02:12,29.38,81.13,6.6,Doti,2022-11-08 02:12:00,DOTI
2022-11-08,21:56,29.38,81.11,4.1,Doti,2022-11-08 21:56:00,DOTI
2022-11-08,21:07,29.38,81.11,5.7,Doti,2022-11-08 21:07:00,DOTI
2022-10-30,09:26,29.6,81.04,4.6,Bajhang,2022-10-30 09:26:00,BAJHANG
2022-10-19,15:07,28.15,86.06,5.9,Sindhupalchowk/Tibet,2022-10-19 15:07:00,
2022-10-19,15:53,28.07,86.02,4.5,Sindhupalchowk/Tibet,2022-10-19 15:53:00,
2022-08-19,01:28,28.24,81.77,4.8,Banke,2022-08-19 01:28:00,BANKE
2022-08-18,22:43,27.97,85.54,4.2,Sindhupalchowk,2022-08-18 22:43:00,SINDHUPALCHOK
2022-08-05,05:26,27.83,85.15,5.3,Nuwakot,2022-08-05 05:26:00,NUWAKOT
2022-07-31,08:13,27.16,86.83,6.0,Khotang,2022-07-31 08:13:00,KHOTANG
2022-07-25,06:07,27.94,85.52,4.7,Sindhupalchowk,2022-07-25 06:07:00,SINDHUPALCHOK
2022-07-17,04:31,29.41,81.34,4.1,Bajura,2022-07-17 04:31:00,BAJURA
2022-07-10,19:49,29.82,80.76,4.2,Darchula,2022-07-10 19:49:00,DARCHULA
2022-07-02,15:32,27.66,86.2,4.1,Dolakha,2022-07-02 15:32:00,DOLAKHA
2022-06-23,07:22,28.1,84.81,4.1,Gorkha,2022-06-23 07:22:00,GORKHA
2022-06-22,03:56,28.33,83.86,4.9,Kaski,2022-06-22 03:56:00,KASKI
2022-06-10,02:36,27.7,85.41,4.7,Bhaktapur,2022-06-10 02:36:00,BHAKTAPUR
2022-06-07,12:50,29.61,80.51,4.0,Baitadi,2022-06-07 12:50:00,BAITADI
2022-05-23,15:09,27.3,87.73,4.3,Taplejung,2022-05-23 15:09:00,TAPLEJUNG
2022-05-23,15:00,27.31,87.94,4.1,Taplejung,2022-05-23 15:00:00,TAPLEJUNG
2022-05-04,09:57,29.35,82.04,4.1,Jumla,2022-05-04 09:57:00,JUMLA
2022-04-19,06:03,29.58,81.0,4.1,Bajhang,2022-04-19 06:03:00,BAJHANG
2022-03-23,16:39,27.9,87.86,4.2,Taplejung,2022-03-23 16:39:00,TAPLEJUNG
2022-02-22,15:52,29.7,80.71,4.1,Darchula,2022-02-22 15:52:00,DARCHULA
2022-01-26,16:54,27.9,84.57,4.1,Gorkha,2022-01-26 16:54:00,GORKHA
2022-01-21,06:43,27.98,85.58,4.1,Sindhupalchowk,2022-01-21 06:43:00,SINDHUPALCHOK
2022-01-06,00:14,28.68,82.97,4.2,Rukum East,2022-01-06 00:14:00,RUKUM_E
2022-01-05,16:16,27.67,86.32,4.2,Dolakha,2022-01-05 16:16:00,DOLAKHA
2021-11-09,14:28,27.87,85.92,4.1,Sindhupalchok,2021-11-09 14:28:00,SINDHUPALCHOK
2021-10-25,20:30,28.29,84.36,4.1,Lamjung,2021-10-25 20:30:00,LAMJUNG
2021-10-18,15:20,27.85,85.81,4.1,Sindhupalchok,2021-10-18 15:20:00,SINDHUPALCHOK
2021-10-18,13:56,27.92,85.81,4.7,Sindhupalchowk,2021-10-18 13:56:00,SINDHUPALCHOK
2021-10-18,15:23,27.86,85.82,4.0,Sindhupalchok,2021-10-18 15:23:00,SINDHUPALCHOK
2021-10-18,13:46,27.92,85.8,4.7,Sindhupalchok,2021-10-18 13:46:00,SINDHUPALCHOK
2021-10-16,04:09,28.18,84.93,4.3,Gorkha,2021-10-16 04:09:00,GORKHA
2021-10-02,20:13,27.91,85.81,4.1,Sindhupalchok,2021-10-02 20:13:00,SINDHUPALCHOK
2021-10-02,19:58,27.92,85.81,4.6,Sindhupalchok,2021-10-02 19:58:00,SINDHUPALCHOK
2021-10-01,12:54,27.71,85.92,4.2,Sindhupalchok,2021-10-01 12:54:00,SINDHUPALCHOK
2021-09-25,12:12,27.91,85.8,4.5,Sindhupalchok,2021-09-25 12:12:00,SINDHUPALCHOK
2021-09-20,16:30,29.89,80.59,4.2,Darchula,2021-09-20 16:30:00,DARCHULA
2021-09-12,20:41,27.64,86.1,4.3,Dolakha,2021-09-12 20:41:00,DOLAKHA
2021-08-23,02:23,29.61,81.01,4.0,Bajhang,2021-08-23 02:23:00,BAJHANG
2021-08-12,09:54,26.98,86.69,4.3,Udayapur,2021-08-12 09:54:00,UDAYAPUR
2021-07-23,18:57,27.28,86.9,4.2,Khotang,2021-07-23 18:57:00,KHOTANG
2021-07-18,20:59,28.98,81.47,4.3,Dailekh,2021-07-18 20:59:00,DAILEKH
2021-07-07,15:57,28.13,84.56,4.2,Lamjung,2021-07-07 15:57:00,LAMJUNG
2021-07-02,22:02,29.79,81.59,4.1,Bajura,2021-07-02 22:02:00,BAJURA
2021-06-29,14:20,27.3,87.26,4.0,Sankhuwasabha,2021-06-29 14:20:00,SANKHUWASABHA
2021-05-19,08:16,28.26,84.35,4.0,Lamjung,2021-05-19 08:16:00,LAMJUNG
2021-05-19,08:17,28.26,84.36,4.1,Lamjung,2021-05-19 08:17:00,LAMJUNG
2021-05-19,08:26,28.27,84.4,5.3,Lamjung,2021-05-19 08:26:00,LAMJUNG
2021-05-19,21:23,28.27,84.42,4.0,Lamjung,2021-05-19 21:23:00,LAMJUNG
2021-05-19,22:39,28.24,84.41,4.5,Lamjung,2021-05-19 22:39:00,LAMJUNG
2021-05-18,05:42,28.28,84.39,5.8,Lamjung,2021-05-18 05:42:00,LAMJUNG
2021-04-05,21:04,26.75,89.09,5.8,"Binnaguri, India",2021-04-05 21:04:00,
2021-03-18,10:05,27.5,85.63,4.1,Kavrepalanchok,2021-03-18 10:05:00,KABHREPALANCHOK
2021-03-03,18:43,27.79,86.35,4.2,Dolakha,2021-03-03 18:43:00,DOLAKHA
2021-02-09,07:35,27.89,87.91,5.4,Taplejung,2021-02-09 07:35:00,TAPLEJUNG
2021-02-04,03:58,27.78,88.15,4.5,Taplejung,2021-02-04 03:58:00,TAPLEJUNG
2021-02-02,21:59,28.78,84.1,5.3,Manang,2021-02-02 21:59:00,MANANG
2021-01-14,17:25,27.66,86.18,4.0,Dolakha,2021-01-14 17:25:00,DOLAKHA
2021-01-12,09:48,29.89,80.7,4.2,Darchula,2021-01-12 09:48:00,DARCHULA
2021-01-03,10:44,27.66,87.62,4.4,Taplejung,2021-01-03 10:44:00,TAPLEJUNG
2020-12-29,01:49,27.66,86.34,4.6,Ramechhap,2020-12-29 01:49:00,RAMECHHAP
2020-12-08,19:08,27.77,87.86,4.2,Taplejung,2020-12-08 19:08:00,TAPLEJUNG
2020-12-02,13:42,27.75,85.87,4.2,Sindhupalchok,2020-12-02 13:42:00,SINDHUPALCHOK
2020-11-08,03:29,27.73,87.87,4.9,Taplejung,2020-11-08 03:29:00,TAPLEJUNG
2020-10-28,00:19,29.58,80.81,4.2,Bajhang,2020-10-28 00:19:00,BAJHANG
2020-10-24,16:17,27.62,86.24,4.0,Dolakha,2020-10-24 16:17:00,DOLAKHA
2020-09-15,05:19,27.77,85.88,6.0,Sindhupalchok,2020-09-15 05:19:00,SINDHUPALCHOK
2020-09-11,09:30,26.76,88.21,5.0,Jhapa/India,2020-09-11 09:30:00,
2020-09-09,15:48,27.92,84.94,4.0,Dhading,2020-09-09 15:48:00,DHADING
2020-09-04,07:20,27.58,87.19,4.0,Sankhuwasabha,2020-09-04 07:20:00,SANKHUWASABHA
2020-08-25,21:09,29.59,80.89,4.7,Bajhang,2020-08-25 21:09:00,BAJHANG
2020-08-15,16:07,27.8,87.62,4.2,Sankhuwasabha,2020-08-15 16:07:00,SANKHUWASABHA
2020-06-16,09:53,27.88,86.2,4.1,Dolakha,2020-06-16 09:53:00,DOLAKHA
2020-05-30,21:36,27.85,84.93,4.8,Dhading,2020-05-30 21:36:00,DHADING
2020-05-26,16:00,29.73,82.01,4.2,Humla,2020-05-26 16:00:00,HUMLA
2020-05-12,23:53,27.65,86.15,5.3,Dolakha,2020-05-12 23:53:00,DOLAKHA
2020-04-15,00:55,27.55,86.59,4.7,Solukhumbu,2020-04-15 00:55:00,SOLUKHUMBU
2020-04-02,20:55,29.58,80.96,4.0,Bajhang,2020-04-02 20:55:00,BAJHANG
2020-03-25,18:36,28.01,84.97,4.0,Dhading,2020-03-25 18:36:00,DHADING
2020-03-15,20:45,28.34,83.8,5.0,Kaski,2020-03-15 20:45:00,KASKI
2020-03-04,19:17,27.79,86.18,4.3,Dolakha,2020-03-04 19:17:00,DOLAKHA
2020-02-19,21:13,29.71,81.96,4.3,Bajura,2020-02-19 21:13:00,HUMLA
2020-01-28,07:59,29.61,81.71,4.2,Bajura,2020-01-28 07:59:00,BAJURA
2020-01-12,20:19,29.58,81.71,4.5,Bajura,2020-01-12 20:19:00,BAJURA
2020-01-12,20:19,29.58,81.71,4.5,Bajura,2020-01-12 20:19:00,BAJURA
2019-12-12,19:11,27.95,85.59,4.8,Sindhupalchok,2019-12-12 19:11:00,SINDHUPALCHOK
2019-11-27,22:08,27.79,85.79,5.0,Sindhupalchok,2019-11-27 22:08:00,SINDHUPALCHOK
2019-11-19,19:15,29.42,81.1,5.7,Bajhang,2019-11-19 19:15:00,BAJHANG
2019-11-12,07:45,30.2,80.1,4.6,India,2019-11-12 07:45:00,
2019-10-31,03:51,28.45,83.23,4.5,Baglung,2019-10-31 03:51:00,BAGLUNG
2019-10-28,19:27,29.66,82.04,4.1,Mugu,2019-10-28 19:27:00,MUGU
2019-10-22,11:06,26.88,86.59,4.1,Udayapur,2019-10-22 11:06:00,UDAYAPUR
2019-10-20,01:09,27.82,87.98,4.2,Taplejung,2019-10-20 01:09:00,TAPLEJUNG
2019-09-29,07:27,28.66,83.06,4.4,Rukum East,2019-09-29 07:27:00,RUKUM_E
2019-09-28,10:43,30.0,81.45,4.3,Bajhang,2019-09-28 10:43:00,BAJHANG
2019-09-26,18:49,28.28,84.65,4.7,Lamjung,2019-09-26 18:49:00,LAMJUNG
2019-09-25,01:18,27.71,86.32,4.0,Dolakha,2019-09-25 01:18:00,DOLAKHA
2019-09-22,22:01,28.25,84.49,4.4,Lamjung,2019-09-22 22:01:00,LAMJUNG
2019-09-21,06:19,28.15,84.61,4.0,Gorkha,2019-09-21 06:19:00,GORKHA
2019-09-17,09:53,28.21,84.49,4.5,Lamjung,2019-09-17 09:53:00,LAMJUNG
2019-09-16,20:18,29.8,80.48,4.4,Darchula-India Border,2019-09-16 20:18:00,
2019-09-15,10:54,30.3,81.74,5.0,Humla,2019-09-15 10:54:00,HUMLA
2019-08-22,07:07,27.52,86.39,4.0,Solukhumbu,2019-08-22 07:07:00,SOLUKHUMBU
2019-08-14,23:09,27.69,86.26,4.3,Dolakha,2019-08-14 23:09:00,DOLAKHA
2019-08-09,18:26,28.5,83.22,4.7,Baglung,2019-08-09 18:26:00,BAGLUNG
2019-07-24,17:58,27.8,86.15,4.2,Dolakha,2019-07-24 17:58:00,DOLAKHA
2019-07-06,16:15,27.67,85.42,4.6,Bhaktapur,2019-07-06 16:15:00,BHAKTAPUR
2019-06-27,22:21,27.95,84.8,4.0,Dhading,2019-06-27 22:21:00,DHADING
2019-06-15,21:32,28.95,81.98,4.5,Jajarkot,2019-06-15 21:32:00,JAJARKOT
2019-06-14,12:22,29.52,81.05,4.0,Bajhang,2019-06-14 12:22:00,BAJHANG
2019-05-30,10:01,29.62,82.11,4.6,Mugu,2019-05-30 10:01:00,MUGU
2019-05-25,21:08,29.5,81.28,4.3,Bajhang,2019-05-25 21:08:00,BAJHANG
2019-05-25,11:02,27.7,86.47,4.9,Ramechhap,2019-05-25 11:02:00,RAMECHHAP
2019-05-21,23:47,28.21,84.37,4.1,Lamjung,2019-05-21 23:47:00,LAMJUNG
2019-05-17,14:08,27.85,84.87,5.0,Dhading,2019-05-17 14:08:00,DHADING
2019-05-11,00:36,28.98,81.78,5.1,Dailekh,2019-05-11 00:36:00,DAILEKH
2019-05-04,08:37,27.94,85.72,4.0,Sindhupalchowk,2019-05-04 08:37:00,SINDHUPALCHOK
2019-04-29,11:35,27.93,85.94,4.0,Sindhupalchowk,2019-04-29 11:35:00,SINDHUPALCHOK
2019-04-24,06:40,27.7,85.14,4.3,Dhading,2019-04-24 06:40:00,DHADING
2019-04-24,06:29,27.69,85.17,5.2,Dhading,2019-04-24 06:29:00,DHADING
2019-04-16,12:35,28.0,84.76,4.5,Gorkha,2019-04-16 12:35:00,GORKHA
2019-04-14,04:27,29.49,81.24,4.8,Bajhang,2019-04-14 04:27:00,BAJHANG
2019-04-13,10:25,28.03,85.38,4.6,Rasuwa,2019-04-13 10:25:00,RASUWA
2019-04-09,13:05,27.76,86.27,4.2,Dolakha,2019-04-09 13:05:00,DOLAKHA
2019-04-01,20:47,28.98,81.69,4.1,Dailekh,2019-04-01 20:47:00,DAILEKH
2019-03-18,09:01,27.63,85.16,4.1,Makawanpur,2019-03-18 09:01:00,MAKAWANPUR
2019-02-26,16:20,27.84,85.95,4.1,Sindhupalchok,2019-02-26 16:20:00,SINDHUPALCHOK
2019-02-26,16:15,27.66,86.0,4.4,Dolakha,2019-02-26 16:15:00,DOLAKHA
2019-02-16,20:34,27.68,85.27,4.0,Kathmandu,2019-02-16 20:34:00,KATHMANDU
2019-02-14,17:11,27.81,88.18,4.6,Taplejung,2019-02-14 17:11:00,TAPLEJUNG
2019-01-22,22:30,27.09,86.96,4.5,Bhojpur,2019-01-22 22:30:00,BHOJPUR
2019-01-10,11:34,27.6,86.31,4.5,Ramechhap,2019-01-10 11:34:00,RAMECHHAP
2018-12-22,05:06,27.85,85.76,4.7,Sindhupalchok,2018-12-22 05:06:00,SINDHUPALCHOK
2018-10-25,07:07,27.72,86.02,4.0,Dolakha,2018-10-25 07:07:00,DOLAKHA
2018-10-06,10:52,28.94,81.72,4.3,Dailekh,2018-10-06 10:52:00,DAILEKH
2018-10-05,21:45,28.93,81.7,4.0,Dailekh,2018-10-05 21:45:00,DAILEKH
2018-10-05,12:53,28.94,81.74,4.0,Dailekh,2018-10-05 12:53:00,DAILEKH
2018-09-19,01:42,28.57,82.88,4.0,Rukum East,2018-09-19 01:42:00,RUKUM_E
2018-08-29,23:35,27.79,87.41,4.2,Sankhuwasabha,2018-08-29 23:35:00,SANKHUWASABHA
2018-08-24,18:16,27.5,88.04,4.5,Taplejung,2018-08-24 18:16:00,TAPLEJUNG
2018-08-02,14:32,27.66,86.1,4.2,Dolakha,2018-08-02 14:32:00,DOLAKHA
2018-07-24,08:30,27.75,84.87,4.8,Dhading,2018-07-24 08:30:00,DHADING
2018-07-24,17:44,27.94,85.51,4.3,Sindhupalchok,2018-07-24 17:44:00,SINDHUPALCHOK
2018-07-18,11:15,29.02,81.51,4.2,Dailekh,2018-07-18 11:15:00,DAILEKH
2018-07-17,22:52,27.82,84.81,4.4,Dhading,2018-07-17 22:52:00,DHADING
2018-07-13,08:58,29.57,81.56,4.1,Bajura,2018-07-13 08:58:00,BAJURA
2018-07-05,07:21,28.11,85.04,4.1,Dhading,2018-07-05 07:21:00,DHADING
2018-06-28,09:52,27.87,84.91,5.0,Dhading,2018-06-28 09:52:00,DHADING
2018-06-20,10:00,27.31,87.9,4.7,Taplejung,2018-06-20 10:00:00,TAPLEJUNG
2018-06-20,09:54,27.36,88.01,4.8,Taplejung,2018-06-20 09:54:00,TAPLEJUNG
2018-06-05,07:19,29.68,81.65,4.9,Bajura,2018-06-05 07:19:00,BAJURA
2018-06-01,21:07,27.68,86.11,4.3,Dolakha,2018-06-01 21:07:00,DOLAKHA
2018-05-31,02:17,28.17,84.89,4.1,gorkha,2018-05-31 02:17:00,GORKHA
2018-05-31,21:45,28.9,81.77,4.3,Dailekh,2018-05-31 21:45:00,DAILEKH
2018-05-24,20:10,29.98,80.54,4.6,Dharchula,2018-05-24 20:10:00,
2018-05-05,20:49,27.74,88.13,4.4,Taplejung,2018-05-05 20:49:00,TAPLEJUNG
2018-03-02,10:51,27.7,86.33,4.6,Dolakha,2018-03-02 10:51:00,DOLAKHA
2018-02-26,00:45,27.7,86.33,4.7,Dolakha,2018-02-26 00:45:00,DOLAKHA
2018-02-21,21:44,28.07,85.96,4.3,Tibet,2018-02-21 21:44:00,
2018-01-19,08:38,27.72,86.01,4.3,Dolakha,2018-01-19 08:38:00,DOLAKHA
2017-12-28,13:30,29.82,80.76,4.5,Darchula,2017-12-28 13:30:00,DARCHULA
2017-12-18,17:18,27.96,85.68,4.2,Sindhupalchowk,2017-12-18 17:18:00,SINDHUPALCHOK
2017-12-08,08:36,27.63,86.19,5.2,Dolakha,2017-12-08 08:36:00,DOLAKHA
2017-11-06,08:54,29.78,81.28,4.5,Bajhang,2017-11-06 08:54:00,BAJHANG
2017-10-26,18:36,29.08,81.45,4.0,Achham,2017-10-26 18:36:00,ACHHAM
2017-10-15,17:02,28.5,83.32,4.2,Myagdi,2017-10-15 17:02:00,MYAGDI
2017-10-02,07:07,28.83,82.55,4.1,Rukum,2017-10-02 07:07:00,RUKUM_W
2017-09-21,13:04,27.62,86.25,4.6,Dolakha,2017-09-21 13:04:00,DOLAKHA
2017-08-24,16:25,28.06,85.94,4.8,Sindhupalchok-Tibet border,2017-08-24 16:25:00,
2017-08-22,18:35,29.41,81.1,4.9,Bajhang,2017-08-22 18:35:00,BAJHANG
2017-08-21,17:48,27.66,86.27,4.6,Dolakha,2017-08-21 17:48:00,DOLAKHA
2017-07-24,10:29,27.56,85.96,4.0,Ramechhap,2017-07-24 10:29:00,RAMECHHAP
2017-07-15,10:20,28.94,81.75,4.0,Dailekh,2017-07-15 10:20:00,DAILEKH
2017-07-02,07:43,27.34,86.49,5.1,Okhaldhunga,2017-07-02 07:43:00,OKHALDHUNGA
2017-06-28,00:09,27.66,86.41,4.2,Ramechhap,2017-06-28 00:09:00,RAMECHHAP
2017-06-14,09:27,27.88,88.13,4.1,Taplejung,2017-06-14 09:27:00,TAPLEJUNG
2017-06-12,17:39,27.62,86.1,4.1,Dolakha,2017-06-12 17:39:00,DOLAKHA
2017-05-30,11:23,29.64,80.97,4.1,Bajhang,2017-05-30 11:23:00,BAJHANG
2017-04-24,08:49,29.75,81.31,4.1,Bajhang,2017-04-24 08:49:00,BAJHANG
2017-04-24,17:04,27.86,85.77,4.2,Sindhupalchowk,2017-04-24 17:04:00,SINDHUPALCHOK
2017-03-10,07:28,30.37,81.57,4.1,Humla,2017-03-10 07:28:00,HUMLA
2017-02-27,10:06,27.38,86.13,4.7,Ramechhap,2017-02-27 10:06:00,RAMECHHAP
2017-02-27,09:22,27.36,86.12,4.6,Ramechhap,2017-02-27 09:22:00,RAMECHHAP
2017-02-18,06:00,27.79,84.8,4.0,Dhading,2017-02-18 06:00:00,DHADING
2017-02-10,16:58,29.88,80.61,4.1,Darchula,2017-02-10 16:58:00,DARCHULA
2017-02-04,17:58,27.73,86.08,4.4,Dolakha,2017-02-04 17:58:00,DOLAKHA
2017-01-03,12:26,29.71,81.57,4.0,Bajura,2017-01-03 12:26:00,BAJURA
2016-11-28,05:20,27.79,86.58,5.6,Solukhumbu,2016-11-28 05:20:00,SOLUKHUMBU
2016-11-06,09:47,29.69,81.05,4.0,Bajhang,2016-11-06 09:47:00,BAJHANG
2016-10-17,10:03,27.87,85.3,4.0,Nuwakot,2016-10-17 10:03:00,NUWAKOT
2016-10-15,18:22,28.04,85.17,4.1,Rasuwa,2016-10-15 18:22:00,RASUWA
2016-10-12,14:14,27.66,85.95,4.1,Dolakha,2016-10-12 14:14:00,DOLAKHA
2016-10-11,12:53,27.67,85.95,4.6,Dolakha,2016-10-11 12:53:00,DOLAKHA
2016-10-07,10:37,27.65,86.13,4.2,Dolakha,2016-10-07 10:37:00,DOLAKHA
2016-09-18,22:57,27.91,85.77,4.6,Sindhupalchowk,2016-09-18 22:57:00,SINDHUPALCHOK
2016-09-05,07:49,27.78,86.35,4.5,Dolakha,2016-09-05 07:49:00,DOLAKHA
2016-09-05,06:22,27.82,86.14,4.1,Dolakha,2016-09-05 06:22:00,DOLAKHA
2016-08-27,17:48,29.81,81.56,4.0,Bajhang,2016-08-27 17:48:00,BAJHANG
2016-07-23,11:59,27.99,84.71,4.1,Gorkha,2016-07-23 11:59:00,GORKHA
2016-07-08,04:08,27.84,86.16,4.1,Dolakha,2016-07-08 04:08:00,DOLAKHA
2016-07-07,17:38,27.92,85.66,4.4,Sindhupalchowk,2016-07-07 17:38:00,SINDHUPALCHOK
2016-07-07,14:44,28.31,84.35,4.3,Lamjung,2016-07-07 14:44:00,LAMJUNG
2016-07-02,18:08,29.64,81.28,4.4,Bajhang,2016-07-02 18:08:00,BAJHANG
2016-06-29,14:55,29.63,81.28,5.0,Bajhang,2016-06-29 14:55:00,BAJHANG
2016-06-29,15:11,29.63,81.24,4.2,Bajhang,2016-06-29 15:11:00,BAJHANG
2016-06-22,18:45,27.76,86.34,4.1,Dolakha,2016-06-22 18:45:00,DOLAKHA
2016-06-21,11:34,27.93,85.21,4.4,Nuwakot,2016-06-21 11:34:00,NUWAKOT
2016-06-14,05:12,28.03,84.64,4.3,Gorkha,2016-06-14 05:12:00,GORKHA
2016-06-03,05:10,27.96,85.62,4.4,Sindhupalchowk,2016-06-03 05:10:00,SINDHUPALCHOK
2016-05-28,15:24,27.94,85.5,4.6,Sindhupalchok,2016-05-28 15:24:00,SINDHUPALCHOK
2016-05-24,00:54,27.73,85.16,4.2,Dhading,2016-05-24 00:54:00,DHADING
2016-05-15,04:30,27.93,85.5,4.4,Sindhupalchowk,2016-05-15 04:30:00,SINDHUPALCHOK
2016-05-14,05:05,27.97,85.55,4.3,Sindhupalchowk,2016-05-14 05:05:00,SINDHUPALCHOK
2016-05-13,01:09,27.69,86.24,4.1,Dolakha,2016-05-13 01:09:00,DOLAKHA
2016-05-11,14:37,28.01,84.68,4.5,Gorkha,2016-05-11 14:37:00,GORKHA
2016-05-11,07:04,28.01,84.94,4.4,Dhading,2016-05-11 07:04:00,DHADING
2016-05-05,10:31,28.24,84.99,4.1,Dhading,2016-05-05 10:31:00,DHADING
2016-05-04,11:17,29.38,81.88,4.0,Kalikot,2016-05-04 11:17:00,KALIKOT
2016-04-30,12:28,29.54,81.1,4.2,Bajhang,2016-04-30 12:28:00,BAJHANG
2016-04-26,15:18,28.05,85.38,4.3,Rasuwa,2016-04-26 15:18:00,RASUWA
2016-04-24,02:16,28.08,85.13,4.2,Nuwakot,2016-04-24 02:16:00,NUWAKOT
2016-04-22,16:49,27.79,85.85,4.0,Sindhupalchowk,2016-04-22 16:49:00,SINDHUPALCHOK
2016-04-22,12:41,27.72,86.29,4.0,Dolakha,2016-04-22 12:41:00,DOLAKHA
2016-04-12,20:26,27.56,86.17,4.4,Dolakha,2016-04-12 20:26:00,DOLAKHA
2016-04-09,19:05,27.65,85.31,4.5,Lalitpur,2016-04-09 19:05:00,LALITPUR
2016-04-04,10:16,27.72,86.09,4.7,Dolakha,2016-04-04 10:16:00,DOLAKHA
2016-04-04,09:38,29.81,81.51,4.3,Bajhang,2016-04-04 09:38:00,BAJHANG
2016-03-31,04:26,27.93,85.59,4.1,Sindhupalchowk,2016-03-31 04:26:00,SINDHUPALCHOK
2016-03-30,18:11,27.89,85.73,4.7,Sindhupalchowk,2016-03-30 18:11:00,SINDHUPALCHOK
2016-03-24,05:26,27.75,88.04,4.1,Taplejung,2016-03-24 05:26:00,TAPLEJUNG
2016-03-17,10:59,27.34,86.27,4.0,Okhaldhunga,2016-03-17 10:59:00,OKHALDHUNGA
2016-03-15,03:12,27.84,85.73,4.5,Sindhupalchowk,2016-03-15 03:12:00,SINDHUPALCHOK
2016-03-13,11:00,27.83,84.9,4.8,Dhading,2016-03-13 11:00:00,DHADING
2016-03-11,15:13,27.9,85.87,4.2,Sindhupalchowk,2016-03-11 15:13:00,SINDHUPALCHOK
2016-03-07,13:50,30.22,81.7,4.0,Humla,2016-03-07 13:50:00,HUMLA
2016-03-06,07:10,27.69,85.93,4.0,Sindhupalchowk,2016-03-06 07:10:00,SINDHUPALCHOK
2016-03-01,16:30,27.79,85.73,4.3,Sindhupalchowk,2016-03-01 16:30:00,SINDHUPALCHOK
2016-02-24,15:07,27.8,85.74,5.4,Sindhupalchok,2016-02-24 15:07:00,SINDHUPALCHOK
2016-02-23,08:45,27.47,87.15,4.5,Sankhuwasava,2016-02-23 08:45:00,SANKHUWASABHA
2016-02-21,23:54,28.08,84.76,5.5,Gorkha,2016-02-21 23:54:00,GORKHA
2016-02-20,03:54,27.86,85.29,4.1,Nuwakot,2016-02-20 03:54:00,NUWAKOT
2016-02-13,20:22,27.81,85.72,4.3,Sindhupalchowk,2016-02-13 20:22:00,SINDHUPALCHOK
2016-02-10,22:12,27.84,85.71,4.6,Sindhupalchowk,2016-02-10 22:12:00,SINDHUPALCHOK
2016-02-05,22:05,27.95,85.52,5.5,Sindhupalchowk,2016-02-05 22:05:00,SINDHUPALCHOK
2016-01-27,14:27,27.83,85.83,4.4,Sindhupalchowk,2016-01-27 14:27:00,SINDHUPALCHOK
2016-01-27,20:42,26.68,86.27,4.2,Siraha,2016-01-27 20:42:00,SIRAHA
2016-01-22,01:07,28.06,85.09,4.6,Nuwakot,2016-01-22 01:07:00,NUWAKOT
2016-01-15,22:59,27.65,86.23,4.3,Dolakha,2016-01-15 22:59:00,DOLAKHA
2016-01-15,18:50,27.63,86.25,4.1,Dolakha,2016-01-15 18:50:00,DOLAKHA
2016-01-09,23:28,27.48,86.01,4.4,Ramechhap,2016-01-09 23:28:00,RAMECHHAP
2016-01-04,18:47,27.75,86.12,4.1,Dolakha,2016-01-04 18:47:00,DOLAKHA
2016-01-02,03:15,28.01,85.8,4.2,Sindhupalchowk,2016-01-02 03:15:00,SINDHUPALCHOK
2015-12-31,07:41,27.86,85.72,4.3,Sindhupalchowk,2015-12-31 07:41:00,SINDHUPALCHOK
2015-12-28,03:52,27.7,86.12,4.2,Dolakha,2015-12-28 03:52:00,DOLAKHA
2015-12-26,10:33,29.35,81.29,4.1,Bajura,2015-12-26 10:33:00,BAJURA
2015-12-23,08:59,27.79,86.08,4.1,Dolakha,2015-12-23 08:59:00,DOLAKHA
2015-12-18,16:01,29.44,81.69,5.5,Bajura,2015-12-18 16:01:00,BAJURA
2015-12-13,08:45,28.04,85.02,4.1,Dhading,2015-12-13 08:45:00,DHADING
2015-12-07,07:27,27.86,86.19,4.0,Dolakha,2015-12-07 07:27:00,DOLAKHA
2015-11-30,06:10,27.78,85.39,4.1,Kathmandu,2015-11-30 06:10:00,KATHMANDU
2015-11-27,15:23,27.63,85.53,4.1,kavrepalanchok,2015-11-27 15:23:00,KABHREPALANCHOK
2015-11-27,16:22,27.11,87.95,4.6,Panchthar,2015-11-27 16:22:00,PANCHTHAR
2015-11-25,00:42,27.87,85.77,4.1,Sindhupalchowk,2015-11-25 00:42:00,SINDHUPALCHOK
2015-11-24,18:09,28.15,84.81,4.4,Gorkha,2015-11-24 18:09:00,GORKHA
2015-11-24,17:00,27.87,85.29,4.0,Nuwakot,2015-11-24 17:00:00,NUWAKOT
2015-11-22,07:11,28.43,83.3,4.1,Myagdi,2015-11-22 07:11:00,MYAGDI
2015-11-20,13:45,28.35,83.36,4.0,Baglung,2015-11-20 13:45:00,BAGLUNG
2015-11-19,17:44,27.77,85.88,4.0,Sindhupalchok,2015-11-19 17:44:00,SINDHUPALCHOK
2015-11-19,10:00,27.89,85.75,5.3,Sindupalchok,2015-11-19 10:00:00,SINDHUPALCHOK
2015-11-17,18:55,28.02,85.28,4.3,Rasuwa,2015-11-17 18:55:00,RASUWA
2015-11-12,15:45,27.99,85.65,4.2,Sindupalchok,2015-11-12 15:45:00,SINDHUPALCHOK
2015-10-31,09:28,28.03,85.23,4.3,Rasuwa,2015-10-31 09:28:00,RASUWA
2015-10-17,23:46,27.8,86.3,4.2,Dolakha,2015-10-17 23:46:00,DOLAKHA
2015-10-16,14:28,27.71,86.16,4.2,Dolakha,2015-10-16 14:28:00,DOLAKHA
2015-10-08,21:58,27.96,85.54,4.1,Sindupalchowk,2015-10-08 21:58:00,SINDHUPALCHOK
2015-10-08,13:00,27.57,85.31,4.0,Lalitpur,2015-10-08 13:00:00,LALITPUR
2015-10-07,05:15,27.68,86.08,4.2,Dolakha,2015-10-07 05:15:00,DOLAKHA
2015-10-06,17:47,27.69,86.09,4.2,Dolakha,2015-10-06 17:47:00,DOLAKHA
2015-10-05,13:21,27.71,86.1,4.2,Dolakha,2015-10-05 13:21:00,DOLAKHA
2015-10-05,13:18,27.71,86.15,4.8,Dolakha,2015-10-05 13:18:00,DOLAKHA
2015-09-29,16:39,27.77,85.87,4.6,Sindhupalchowk,2015-09-29 16:39:00,SINDHUPALCHOK
2015-09-29,15:12,29.83,80.6,4.6,Darchula,2015-09-29 15:12:00,DARCHULA
2015-09-22,12:17,27.74,85.07,4.5,Dhading,2015-09-22 12:17:00,DHADING
2015-09-20,04:05,27.76,86.37,4.0,Dolakha,2015-09-20 04:05:00,DOLAKHA
2015-09-16,20:37,27.6,86.19,4.2,Dolakha,2015-09-16 20:37:00,DOLAKHA
2015-09-09,18:23,27.82,86.24,4.0,Dolakha,2015-09-09 18:23:00,DOLAKHA
2015-09-03,05:10,27.75,86.01,4.3,Sindhupalchowk,2015-09-03 05:10:00,SINDHUPALCHOK
2015-09-02,04:51,27.64,86.19,4.4,Dolakha,2015-09-02 04:51:00,DOLAKHA
2015-08-31,23:33,27.92,85.69,4.2,Sindhupalchowk,2015-08-31 23:33:00,SINDHUPALCHOK
2015-08-30,08:26,27.66,86.23,4.1,Dolakha,2015-08-30 08:26:00,DOLAKHA
2015-08-30,19:02,27.72,85.75,5.0,Sindhupalchowk,2015-08-30 19:02:00,SINDHUPALCHOK
2015-08-30,03:09,27.92,84.94,4.3,Dhading,2015-08-30 03:09:00,DHADING
2015-08-27,00:51,27.85,85.74,4.2,Sindhupalchowk,2015-08-27 00:51:00,SINDHUPALCHOK
2015-08-27,06:07,28.12,84.89,4.1,Gorkha,2015-08-27 06:07:00,GORKHA
2015-08-26,13:31,30.11,81.53,4.1,Humla,2015-08-26 13:31:00,HUMLA
2015-08-25,15:08,27.68,86.22,4.0,Dolakha,2015-08-25 15:08:00,DOLAKHA
2015-08-23,14:47,27.87,86.17,5.1,Dolakha,2015-08-23 14:47:00,DOLAKHA
2015-08-21,12:21,27.96,85.48,4.0,Nuwakot,2015-08-21 12:21:00,NUWAKOT
2015-08-20,11:47,28.0,85.29,4.6,Rasuwa,2015-08-20 11:47:00,RASUWA
2015-08-18,04:08,27.93,86.14,4.8,Dolakha,2015-08-18 04:08:00,DOLAKHA
2015-08-15,23:56,27.71,86.05,4.8,Dolakha,2015-08-15 23:56:00,DOLAKHA
2015-08-15,10:10,27.87,86.08,4.1,Dolakha,2015-08-15 10:10:00,DOLAKHA
2015-08-14,18:47,27.59,85.97,4.3,Dolakha,2015-08-14 18:47:00,DOLAKHA
2015-08-13,01:49,27.72,85.2,4.0,Dhading,2015-08-13 01:49:00,DHADING
2015-08-11,10:42,27.7,85.29,4.3,Kathmandu,2015-08-11 10:42:00,KATHMANDU
2015-08-10,04:15,28.14,84.72,4.9,Gorkha,2015-08-10 04:15:00,GORKHA
2015-08-09,07:55,27.94,85.52,4.1,Sindupalchok,2015-08-09 07:55:00,SINDHUPALCHOK
2015-08-09,12:21,30.1,81.85,4.0,Humla,2015-08-09 12:21:00,HUMLA
2015-08-08,21:25,27.69,86.26,4.1,Dolakha,2015-08-08 21:25:00,DOLAKHA
2015-08-08,06:24,27.77,85.7,4.0,Sindupalchok,2015-08-08 06:24:00,SINDHUPALCHOK
2015-08-07,11:57,27.5,85.5,4.4,Kavrepalanchok,2015-08-07 11:57:00,KABHREPALANCHOK
2015-08-06,20:36,27.86,85.76,4.1,Sindupalchok,2015-08-06 20:36:00,SINDHUPALCHOK
2015-08-05,17:38,27.63,86.07,4.1,Dolakha,2015-08-05 17:38:00,DOLAKHA
2015-08-05,13:59,27.64,86.07,4.3,Dolakha,2015-08-05 13:59:00,DOLAKHA
2015-08-01,07:22,27.81,85.71,4.2,Sindhupalchok,2015-08-01 07:22:00,SINDHUPALCHOK
2015-07-30,20:18,27.66,86.09,4.5,Dolakha,2015-07-30 20:18:00,DOLAKHA
2015-07-28,21:23,27.59,86.17,4.1,Dolakha,2015-07-28 21:23:00,DOLAKHA
2015-07-28,18:38,27.68,86.04,4.0,Dolakha,2015-07-28 18:38:00,DOLAKHA
2015-07-28,09:21,27.8,85.75,4.1,Sindhupalchok,2015-07-28 09:21:00,SINDHUPALCHOK
2015-07-27,18:23,27.94,85.48,4.2,Nuwakot,2015-07-27 18:23:00,NUWAKOT
2015-07-26,09:30,27.68,86.22,4.1,Dolakha,2015-07-26 09:30:00,DOLAKHA
2015-07-26,10:03,27.85,85.75,4.0,Sindhupalchok,2015-07-26 10:03:00,SINDHUPALCHOK
2015-07-25,20:04,27.66,86.0,4.5,Dolakha,2015-07-25 20:04:00,DOLAKHA
2015-07-25,00:05,27.61,86.28,4.3,Dolakha,2015-07-25 00:05:00,DOLAKHA
2015-07-22,22:14,27.7,85.32,4.6,Kathmandu,2015-07-22 22:14:00,KATHMANDU
2015-07-21,08:09,27.86,86.39,4.3,Dolakha,2015-07-21 08:09:00,DOLAKHA
2015-07-17,05:09,28.18,84.74,4.0,Gorkha,2015-07-17 05:09:00,GORKHA
2015-07-15,08:14,29.8,80.73,4.1,Darchula,2015-07-15 08:14:00,DARCHULA
2015-07-13,16:01,28.06,85.34,4.0,Rasuwa,2015-07-13 16:01:00,RASUWA
2015-07-13,17:39,27.63,86.09,4.2,Dolakha,2015-07-13 17:39:00,DOLAKHA
2015-07-11,02:28,27.8,86.23,4.4,Dolakha,2015-07-11 02:28:00,DOLAKHA
2015-07-09,17:59,27.89,85.73,4.4,Sindhupalchok,2015-07-09 17:59:00,SINDHUPALCHOK
2015-07-08,09:55,27.92,85.68,4.2,Sindhupalchok,2015-07-08 09:55:00,SINDHUPALCHOK
2015-07-08,10:19,27.6,86.23,4.1,Dolakha,2015-07-08 10:19:00,DOLAKHA
2015-07-07,09:06,28.48,83.13,4.2,Baglung,2015-07-07 09:06:00,BAGLUNG
2015-07-07,15:16,29.69,81.74,4.6,Humla,2015-07-07 15:16:00,HUMLA
2015-07-06,21:14,27.96,85.75,4.4,Sindhupalchok,2015-07-06 21:14:00,SINDHUPALCHOK
2015-07-06,10:48,27.69,86.2,4.3,Dolakha,2015-07-06 10:48:00,DOLAKHA
2015-07-05,01:27,27.86,85.87,4.4,Sindhupalchok,2015-07-05 01:27:00,SINDHUPALCHOK
2015-07-05,10:07,27.67,86.2,4.2,Dolakha,2015-07-05 10:07:00,DOLAKHA
2015-07-04,01:49,27.73,85.0,4.6,Dhading,2015-07-04 01:49:00,DHADING
2015-07-02,07:41,27.97,85.62,5.0,Sindhupalchowk,2015-07-02 07:41:00,SINDHUPALCHOK
2015-07-02,05:26,27.67,85.54,4.1,Kavrepalanchok,2015-07-02 05:26:00,KABHREPALANCHOK
2015-07-01,15:24,28.06,85.14,4.0,Nuwakot,2015-07-01 15:24:00,NUWAKOT
2015-07-01,09:12,27.71,86.12,4.0,Dolakha,2015-07-01 09:12:00,DOLAKHA
2015-07-01,03:33,27.8,85.74,4.0,Sindhupalchowk,2015-07-01 03:33:00,SINDHUPALCHOK
2015-06-30,03:31,27.55,85.79,4.4,Kavrepalanchok,2015-06-30 03:31:00,KABHREPALANCHOK
2015-06-29,23:34,27.93,85.64,4.0,Sindhupalchowk,2015-06-29 23:34:00,SINDHUPALCHOK
2015-06-29,23:27,27.92,85.68,4.1,Sindhupalchowk,2015-06-29 23:27:00,SINDHUPALCHOK
2015-06-29,05:42,27.35,86.2,5.0,Ramechhap,2015-06-29 05:42:00,RAMECHHAP
2015-06-28,22:01,27.92,85.66,4.3,Sindhupalchok,2015-06-28 22:01:00,SINDHUPALCHOK
2015-06-26,18:02,27.74,86.28,4.2,Dolakha,2015-06-26 18:02:00,DOLAKHA
2015-06-26,14:45,27.58,85.39,4.1,Lalitpur,2015-06-26 14:45:00,LALITPUR
2015-06-25,23:51,27.94,85.49,4.2,Sindhupalchok,2015-06-25 23:51:00,SINDHUPALCHOK
2015-06-25,23:49,27.66,86.21,4.1,Dolakha,2015-06-25 23:49:00,DOLAKHA
2015-06-25,21:07,27.78,85.17,4.3,Nuwakot,2015-06-25 21:07:00,NUWAKOT
2015-06-24,14:59,27.85,85.75,4.0,Sindhupalchowk,2015-06-24 14:59:00,SINDHUPALCHOK
2015-06-22,13:19,27.67,86.17,4.0,Dolakha,2015-06-22 13:19:00,DOLAKHA
2015-06-21,19:26,27.8,86.0,4.3,Sindupalchok,2015-06-21 19:26:00,SINDHUPALCHOK
2015-06-20,02:40,28.17,84.94,4.2,Gorkha,2015-06-20 02:40:00,GORKHA
2015-06-20,18:08,28.65,82.76,5.4,Rukum,2015-06-20 18:08:00,RUKUM_E
2015-06-19,01:50,28.26,84.92,4.0,Gorkha,2015-06-19 01:50:00,GORKHA
2015-06-18,08:24,28.14,85.11,4.1,Dhading,2015-06-18 08:24:00,DHADING
2015-06-17,08:00,28.27,85.94,5.1,Tibet,2015-06-17 08:00:00,
2015-06-17,05:58,27.68,85.28,4.4,Kathmandu,2015-06-17 05:58:00,KATHMANDU
2015-06-17,06:14,27.91,85.59,5.2,Sindhupalchok,2015-06-17 06:14:00,SINDHUPALCHOK
2015-06-17,06:26,27.9,85.58,4.0,Sindhupalchok,2015-06-17 06:26:00,SINDHUPALCHOK
2015-06-16,21:56,27.7,86.16,4.1,Dolakha,2015-06-16 21:56:00,DOLAKHA
2015-06-15,15:52,27.87,85.72,4.1,Sindhupalchowk,2015-06-15 15:52:00,SINDHUPALCHOK
2015-06-14,15:01,27.74,86.26,4.1,Dolakha,2015-06-14 15:01:00,DOLAKHA
2015-06-14,05:59,27.8,85.15,4.2,Nuwakot,2015-06-14 05:59:00,NUWAKOT
2015-06-13,07:03,27.73,86.16,5.2,Dolakha,2015-06-13 07:03:00,DOLAKHA
2015-06-12,10:19,27.67,86.09,4.4,Dolakha,2015-06-12 10:19:00,DOLAKHA
2015-06-12,01:22,28.21,84.81,4.6,Gorkha,2015-06-12 01:22:00,GORKHA
2015-06-11,00:26,27.67,86.07,4.0,Dolakha,2015-06-11 00:26:00,DOLAKHA
2015-06-11,10:02,27.8,85.78,4.6,Sindhupalchowk,2015-06-11 10:02:00,SINDHUPALCHOK
2015-06-11,21:57,27.96,85.73,5.3,Sindhupalchowk,2015-06-11 21:57:00,SINDHUPALCHOK
2015-06-10,13:36,27.8,85.61,4.3,Sindhupalchowk,2015-06-10 13:36:00,SINDHUPALCHOK
2015-06-10,02:50,27.87,85.81,4.1,Sindhupalchowk,2015-06-10 02:50:00,SINDHUPALCHOK
2015-06-10,14:51,27.62,86.1,4.2,Dolakha,2015-06-10 14:51:00,DOLAKHA
2015-06-07,11:02,27.9,85.64,4.6,Sindhupalchowk,2015-06-07 11:02:00,SINDHUPALCHOK
2015-06-07,22:35,27.87,86.13,4.1,Dolakha,2015-06-07 22:35:00,DOLAKHA
2015-06-06,22:45,27.58,86.18,4.0,Dolakha,2015-06-06 22:45:00,DOLAKHA
2015-06-06,02:33,28.26,85.86,4.2,Tibet,2015-06-06 02:33:00,
2015-06-05,14:16,27.7,85.22,4.0,Kathmandu,2015-06-05 14:16:00,KATHMANDU
2015-06-05,10:02,27.79,85.78,4.1,Sindhupalchowk,2015-06-05 10:02:00,SINDHUPALCHOK
2015-06-04,16:15,27.76,86.2,4.0,Dolakha,2015-06-04 16:15:00,DOLAKHA
2015-06-03,17:38,27.7,86.26,4.5,Dolakha,2015-06-03 17:38:00,DOLAKHA
2015-06-03,14:39,27.76,86.07,4.2,Dolakha,2015-06-03 14:39:00,DOLAKHA
2015-06-03,13:37,27.79,85.87,4.5,Sindhupalchowk,2015-06-03 13:37:00,SINDHUPALCHOK
2015-06-03,02:45,27.84,85.78,4.1,Sindhupalchowk,2015-06-03 02:45:00,SINDHUPALCHOK
2015-06-02,10:48,27.78,86.2,4.0,Dolakha,2015-06-02 10:48:00,DOLAKHA
2015-06-02,14:18,30.0,81.75,4.7,Humla,2015-06-02 14:18:00,HUMLA
2015-06-01,04:35,27.98,85.51,4.0,Sindhupalchowk,2015-06-01 04:35:00,SINDHUPALCHOK
2015-05-31,07:39,28.29,84.46,4.2,Lamjung,2015-05-31 07:39:00,LAMJUNG
2015-05-30,15:58,27.79,85.17,4.5,Nuwakot,2015-05-30 15:58:00,NUWAKOT
2015-05-30,02:20,28.01,85.19,4.0,Rasuwa,2015-05-30 02:20:00,RASUWA
2015-05-30,07:37,27.75,85.21,4.0,Dhading,2015-05-30 07:37:00,DHADING
2015-05-29,18:22,27.82,86.34,4.2,Dolakha,2015-05-29 18:22:00,DOLAKHA
2015-05-29,11:05,28.07,84.94,4.2,Dhading,2015-05-29 11:05:00,DHADING
2015-05-29,14:15,28.17,84.72,4.0,Gorkha,2015-05-29 14:15:00,GORKHA
2015-05-29,18:15,28.01,84.84,4.8,Dhading,2015-05-29 18:15:00,DHADING
2015-05-29,09:29,28.0,84.98,5.2,Dhading,2015-05-29 09:29:00,DHADING
2015-05-28,08:52,27.99,84.79,4.0,Dhading,2015-05-28 08:52:00,GORKHA
2015-05-28,09:25,27.95,84.8,4.0,Dhading,2015-05-28 09:25:00,DHADING
2015-05-28,10:57,27.64,85.31,4.0,Lalitpur,2015-05-28 10:57:00,LALITPUR
2015-05-28,11:14,27.77,86.25,4.2,Dolakha,2015-05-28 11:14:00,DOLAKHA
2015-05-28,17:21,27.59,86.19,4.2,Dolakha,2015-05-28 17:21:00,DOLAKHA
2015-05-28,17:59,27.59,86.16,4.1,Dolakha,2015-05-28 17:59:00,DOLAKHA
2015-05-28,16:01,27.94,85.54,4.0,Sindhupalchowk,2015-05-28 16:01:00,SINDHUPALCHOK
2015-05-27,17:48,27.59,86.2,4.2,Dolakha,2015-05-27 17:48:00,DOLAKHA
2015-05-27,07:00,27.91,85.53,4.5,Sindhupalchowk,2015-05-27 07:00:00,SINDHUPALCHOK
2015-05-27,07:01,27.89,85.53,4.6,Sindhupalchowk,2015-05-27 07:01:00,SINDHUPALCHOK
2015-05-27,16:14,28.04,85.13,4.2,Nuwakot,2015-05-27 16:14:00,NUWAKOT
2015-05-26,07:56,27.84,86.24,4.3,Dolakha,2015-05-26 07:56:00,DOLAKHA
2015-05-26,11:33,27.63,86.3,4.1,Dolakha,2015-05-26 11:33:00,DOLAKHA
2015-05-26,12:24,27.71,86.05,4.1,Dolakha,2015-05-26 12:24:00,DOLAKHA
2015-05-26,13:45,27.54,85.43,4.3,Lalitpur,2015-05-26 13:45:00,LALITPUR
2015-05-26,16:37,28.02,85.26,5.0,Rasuwa,2015-05-26 16:37:00,RASUWA
2015-05-25,04:01,27.74,86.19,4.0,Dolakha,2015-05-25 04:01:00,DOLAKHA
2015-05-25,16:45,27.71,86.07,4.1,Dolakha,2015-05-25 16:45:00,DOLAKHA
2015-05-25,09:08,28.01,84.68,5.0,Gorkha,2015-05-25 09:08:00,GORKHA
2015-05-24,12:51,27.67,86.18,4.2,Dolakha,2015-05-24 12:51:00,DOLAKHA
2015-05-24,16:23,27.76,86.28,4.4,Dolakha,2015-05-24 16:23:00,DOLAKHA
2015-05-24,17:31,27.84,86.0,4.2,Sindhupalchowk,2015-05-24 17:31:00,SINDHUPALCHOK
2015-05-24,18:40,27.8,86.29,4.4,Dolakha,2015-05-24 18:40:00,DOLAKHA
2015-05-24,17:00,27.76,86.26,4.3,Dolakha,2015-05-24 17:00:00,DOLAKHA
2015-05-23,16:11,27.9,85.51,4.4,Sindhupalchok,2015-05-23 16:11:00,SINDHUPALCHOK
2015-05-23,06:59,27.74,86.2,4.2,Dolakha,2015-05-23 06:59:00,DOLAKHA
2015-05-22,08:30,27.79,85.14,4.2,Nuwakot,2015-05-22 08:30:00,NUWAKOT
2015-05-22,10:29,28.05,85.08,4.8,Nuwakot,2015-05-22 10:29:00,NUWAKOT
2015-05-22,11:15,27.63,86.25,4.1,Dolakha,2015-05-22 11:15:00,DOLAKHA
2015-05-22,12:34,27.78,85.93,4.0,Sindhupalchowk,2015-05-22 12:34:00,SINDHUPALCHOK
2015-05-22,14:29,27.69,86.16,4.2,Dolakha,2015-05-22 14:29:00,DOLAKHA
2015-05-22,12:52,30.31,81.47,4.8,Humla,2015-05-22 12:52:00,HUMLA
2015-05-21,13:15,28.02,84.98,4.0,Dhading,2015-05-21 13:15:00,DHADING
2015-05-21,20:41,27.93,85.46,4.0,Nuwakot,2015-05-21 20:41:00,NUWAKOT
2015-05-21,07:56,27.85,86.32,4.2,Dolakha,2015-05-21 07:56:00,DOLAKHA
2015-05-20,16:55,27.84,86.33,4.2,Dolakha,2015-05-20 16:55:00,DOLAKHA
2015-05-20,08:32,27.52,85.26,4.4,Lalitput,2015-05-20 08:32:00,LALITPUR
2015-05-19,10:29,27.92,86.04,4.2,Sindhupalchowk/Tibet,2015-05-19 10:29:00,
2015-05-19,17:14,27.9,85.99,4.0,Sindhupalchowk,2015-05-19 17:14:00,SINDHUPALCHOK
2015-05-19,10:19,27.66,86.03,4.3,Dolakha,2015-05-19 10:19:00,DOLAKHA
2015-05-18,17:09,27.69,86.26,4.0,Dolakha,2015-05-18 17:09:00,DOLAKHA
2015-05-18,14:56,27.71,86.07,4.2,Dolakha,2015-05-18 14:56:00,DOLAKHA
2015-05-17,10:45,27.73,86.06,4.4,Dolakha,2015-05-17 10:45:00,DOLAKHA
2015-05-17,17:15,27.48,85.87,4.6,Ramechhap,2015-05-17 17:15:00,RAMECHHAP
2015-05-17,14:25,27.84,86.24,4.4,Dolakha,2015-05-17 14:25:00,DOLAKHA
2015-05-16,08:00,28.07,84.7,4.0,Gorkha,2015-05-16 08:00:00,GORKHA
2015-05-16,11:56,27.97,85.48,4.0,Nuwakot,2015-05-16 11:56:00,NUWAKOT
2015-05-16,12:16,28.13,84.89,4.0,Gorkha,2015-05-16 12:16:00,GORKHA
2015-05-16,15:09,27.7,85.85,4.2,Sindhupalchowk,2015-05-16 15:09:00,SINDHUPALCHOK
2015-05-16,15:20,27.45,85.31,4.2,Lalitpur,2015-05-16 15:20:00,LALITPUR
2015-05-16,14:29,27.64,86.14,4.3,Dolakha,2015-05-16 14:29:00,DOLAKHA
2015-05-16,10:13,28.07,84.7,4.1,Dolakha,2015-05-16 10:13:00,GORKHA
2015-05-16,10:23,27.66,86.09,4.1,Dolakha,2015-05-16 10:23:00,DOLAKHA
2015-05-16,11:04,27.6,86.26,5.5,Dolakha,2015-05-16 11:04:00,DOLAKHA
2015-05-15,09:23,27.63,86.25,4.1,Dolakha,2015-05-15 09:23:00,DOLAKHA
2015-05-15,09:51,27.69,86.08,4.3,Dolakha,2015-05-15 09:51:00,DOLAKHA
2015-05-15,13:12,27.93,84.84,5.5,Dhading,2015-05-15 13:12:00,DHADING
2015-05-15,16:36,27.92,84.84,4.0,Dhading,2015-05-15 16:36:00,DHADING
2015-05-15,08:54,27.61,86.2,4.5,Dolakha,2015-05-15 08:54:00,DOLAKHA
2015-05-15,16:43,27.74,86.17,4.0,Dolakha,2015-05-15 16:43:00,DOLAKHA
2015-05-14,18:01,27.92,86.31,4.3,Dolakha,2015-05-14 18:01:00,DOLAKHA
2015-05-14,08:58,27.66,86.07,4.1,Dolakha,2015-05-14 08:58:00,DOLAKHA
2015-05-14,09:08,27.67,86.08,5.0,Dolakha,2015-05-14 09:08:00,DOLAKHA
2015-05-14,14:37,27.8,85.82,4.0,Sindupalchok,2015-05-14 14:37:00,SINDHUPALCHOK
2015-05-14,14:51,27.83,86.15,4.5,Dolakha,2015-05-14 14:51:00,DOLAKHA
2015-05-14,09:05,27.62,86.09,4.2,Dolakha,2015-05-14 09:05:00,DOLAKHA
2015-05-14,13:28,27.75,86.14,4.0,Dolakha,2015-05-14 13:28:00,DOLAKHA
2015-05-14,14:06,28.06,85.35,4.5,Rasuwa,2015-05-14 14:06:00,RASUWA
2015-05-14,14:35,27.71,86.04,4.0,Dolakha,2015-05-14 14:35:00,DOLAKHA
2015-05-14,15:25,27.84,85.84,4.0,Sindhupalchowk,2015-05-14 15:25:00,SINDHUPALCHOK
2015-05-13,16:18,27.79,86.19,4.6,Dolakha,2015-05-13 16:18:00,DOLAKHA
2015-05-13,14:13,27.75,86.25,4.4,Dolakha,2015-05-13 14:13:00,DOLAKHA
2015-05-13,13:53,27.65,86.18,4.4,Dolakha,2015-05-13 13:53:00,DOLAKHA
2015-05-13,09:27,27.85,85.92,4.2,Sindhupalchok,2015-05-13 09:27:00,SINDHUPALCHOK
2015-05-13,10:23,27.82,86.47,4.3,Dolakha,2015-05-13 10:23:00,RAMECHHAP
2015-05-13,08:55,27.91,84.82,5.9,Dhading,2015-05-13 08:55:00,DHADING
2015-05-13,07:52,27.68,85.3,4.2,Kathmandu,2015-05-13 07:52:00,KATHMANDU
2015-05-13,17:56,27.69,86.11,4.7,Dolakha,2015-05-13 17:56:00,DOLAKHA
2015-05-13,18:07,27.79,86.07,4.8,Dolakha,2015-05-13 18:07:00,DOLAKHA
2015-05-13,18:19,27.84,86.25,4.6,Dolakha,2015-05-13 18:19:00,DOLAKHA
2015-05-13,15:21,27.7,86.15,4.1,Dolakha,2015-05-13 15:21:00,DOLAKHA
2015-05-13,15:06,27.64,85.7,4.0,Kavrepalanchok,2015-05-13 15:06:00,KABHREPALANCHOK
2015-05-13,10:29,27.63,86.17,4.5,Dolakha,2015-05-13 10:29:00,DOLAKHA
2015-05-13,09:22,27.85,86.29,4.0,Dolakha,2015-05-13 09:22:00,DOLAKHA
2015-05-13,08:15,27.6,86.16,4.3,Dolakha,2015-05-13 08:15:00,DOLAKHA
2015-05-13,18:23,27.68,86.17,5.1,Dolakha,2015-05-13 18:23:00,DOLAKHA
2015-05-12,07:36,27.8,85.94,5.1,Sindhupalchok,2015-05-12 07:36:00,SINDHUPALCHOK
2015-05-12,19:51,27.66,86.17,5.2,Dolakha,2015-05-12 19:51:00,DOLAKHA
2015-05-12,19:54,27.79,86.11,5.0,Dolakha,2015-05-12 19:54:00,DOLAKHA
2015-05-12,20:04,27.88,85.94,4.8,Sindhupalchok,2015-05-12 20:04:00,SINDHUPALCHOK
2015-05-12,20:05,27.68,86.23,4.7,Dolakha,2015-05-12 20:05:00,DOLAKHA
2015-05-12,20:09,27.69,86.21,4.7,Dolakha,2015-05-12 20:09:00,DOLAKHA
2015-05-12,20:32,27.8,86.12,4.7,Dolakha,2015-05-12 20:32:00,DOLAKHA
2015-05-12,07:31,27.68,86.04,4.3,Dolakha,2015-05-12 07:31:00,DOLAKHA
2015-05-12,07:18,27.63,86.17,4.8,Dolakha,2015-05-12 07:18:00,DOLAKHA
2015-05-12,07:13,27.69,86.24,5.0,Dolakha,2015-05-12 07:13:00,DOLAKHA
2015-05-12,06:47,27.84,86.17,5.8,Dolakha,2015-05-12 06:47:00,DOLAKHA
2015-05-12,08:29,27.76,86.31,5.3,Dolakha,2015-05-12 08:29:00,DOLAKHA
2015-05-12,07:43,27.8,85.83,5.3,Sindhupalchok,2015-05-12 07:43:00,SINDHUPALCHOK
2015-05-12,13:21,27.73,86.21,6.2,Dolakha,2015-05-12 13:21:00,DOLAKHA
2015-05-12,12:50,27.82,86.12,6.9,Dolakha,2015-05-12 12:50:00,DOLAKHA
2015-05-12,07:53,28.16,84.9,4.1,Gorkha,2015-05-12 07:53:00,GORKHA
2015-05-12,17:52,28.1,84.91,4.0,Dhading,2015-05-12 17:52:00,DHADING
2015-05-12,08:29,27.76,86.31,5.3,Dolakha,2015-05-12 08:29:00,DOLAKHA
2015-05-12,09:14,27.8,85.95,4.2,Sindhupalchok,2015-05-12 09:14:00,SINDHUPALCHOK
2015-05-12,16:58,27.58,86.41,4.3,Solukhumbu,2015-05-12 16:58:00,SOLUKHUMBU
2015-05-12,16:02,27.68,86.04,4.2,Dolakha,2015-05-12 16:02:00,DOLAKHA
2015-05-12,12:32,27.89,85.88,4.4,Sindhupalchok,2015-05-12 12:32:00,SINDHUPALCHOK
2015-05-12,14:58,27.97,86.45,4.1,Tibet,2015-05-12 14:58:00,
2015-05-12,14:29,28.03,86.36,4.1,Tibet,2015-05-12 14:29:00,
2015-05-12,23:27,27.84,86.23,4.4,Dolakha,2015-05-12 23:27:00,DOLAKHA
2015-05-12,13:13,27.78,85.85,4.3,Sindhupalchok,2015-05-12 13:13:00,SINDHUPALCHOK
2015-05-12,12:38,27.72,85.97,4.0,Dolakha,2015-05-12 12:38:00,DOLAKHA
2015-05-12,11:58,27.7,86.04,4.7,Dolakha,2015-05-12 11:58:00,DOLAKHA
2015-05-12,11:28,27.71,86.0,4.3,Dolakha,2015-05-12 11:28:00,DOLAKHA
2015-05-12,10:51,27.72,86.2,4.6,Dolakha,2015-05-12 10:51:00,DOLAKHA
2015-05-12,10:36,27.62,86.16,4.7,Dolakha,2015-05-12 10:36:00,DOLAKHA
2015-05-12,10:11,27.76,86.24,4.4,Dolakha,2015-05-12 10:11:00,DOLAKHA
2015-05-12,10:05,27.73,86.11,5.0,Dolakha,2015-05-12 10:05:00,DOLAKHA
2015-05-12,10:01,27.69,86.05,4.2,Dolakha,2015-05-12 10:01:00,DOLAKHA
2015-05-12,09:45,27.57,86.29,4.8,Ramechhap,2015-05-12 09:45:00,RAMECHHAP
2015-05-12,09:34,27.68,86.03,4.4,Dolakha,2015-05-12 09:34:00,DOLAKHA
2015-05-11,14:20,27.99,85.86,4.2,Sindhupalchowk,2015-05-11 14:20:00,SINDHUPALCHOK
2015-05-11,17:39,27.91,85.75,4.0,Sindhupalchowk,2015-05-11 17:39:00,SINDHUPALCHOK
2015-05-10,09:08,27.65,85.56,4.2,Kavrepalanchok,2015-05-10 09:08:00,KABHREPALANCHOK
2015-05-10,16:53,28.02,85.25,4.0,Rasuwa,2015-05-10 16:53:00,RASUWA
2015-05-10,08:29,26.94,86.67,4.0,Udayapur,2015-05-10 08:29:00,UDAYAPUR
2015-05-10,12:19,27.88,86.0,4.4,Sindhupalchowk,2015-05-10 12:19:00,SINDHUPALCHOK
2015-05-10,07:35,28.04,85.96,4.2,Tibet,2015-05-10 07:35:00,
2015-05-09,08:53,28.04,85.2,4.1,Rasuwa,2015-05-09 08:53:00,RASUWA
2015-05-08,08:04,27.94,85.58,4.0,Sindhupalchowk,2015-05-08 08:04:00,SINDHUPALCHOK
2015-05-08,12:02,27.69,86.04,5.0,Dolakha,2015-05-08 12:02:00,DOLAKHA
2015-05-08,14:04,27.75,85.91,4.2,Sindhupalchowk,2015-05-08 14:04:00,SINDHUPALCHOK
2015-05-08,07:17,27.77,85.88,4.8,Sindhupalchowk,2015-05-08 07:17:00,SINDHUPALCHOK
2015-05-08,08:50,28.01,85.41,4.2,Nuwakot,2015-05-08 08:50:00,NUWAKOT
2015-05-07,16:00,27.92,85.46,4.0,Nuwakot,2015-05-07 16:00:00,NUWAKOT
2015-05-07,13:41,27.79,85.16,4.0,Nuwakot,2015-05-07 13:41:00,NUWAKOT
2015-05-07,09:26,27.75,85.19,4.2,Dhading,2015-05-07 09:26:00,DHADING
2015-05-06,16:04,28.04,85.26,4.0,Rasuwa,2015-05-06 16:04:00,RASUWA
2015-05-06,11:47,28.01,84.68,4.2,Gorkha,2015-05-06 11:47:00,GORKHA
2015-05-05,12:24,28.06,85.05,4.0,Dhading,2015-05-05 12:24:00,DHADING
2015-05-05,10:08,27.74,86.03,4.3,Sindhupalchok,2015-05-05 10:08:00,SINDHUPALCHOK
2015-05-05,10:45,27.96,86.0,4.2,Tibet,2015-05-05 10:45:00,
2015-05-04,10:44,27.75,85.87,4.2,Sindhupalchowk,2015-05-04 10:44:00,SINDHUPALCHOK
2015-05-04,12:45,27.69,85.99,4.3,Dolakha,2015-05-04 12:45:00,DOLAKHA
2015-05-04,15:39,27.97,85.21,4.2,Nuwakot,2015-05-04 15:39:00,NUWAKOT
2015-05-04,16:18,27.79,85.16,4.0,Nuwakot,2015-05-04 16:18:00,NUWAKOT
2015-05-04,16:21,27.8,85.16,4.1,Nuwakot,2015-05-04 16:21:00,NUWAKOT
2015-05-04,08:19,27.79,86.23,4.7,Dolakha,2015-05-04 08:19:00,DOLAKHA
2015-05-04,09:25,27.95,85.86,4.4,Sindhupalchowk,2015-05-04 09:25:00,SINDHUPALCHOK
2015-05-04,07:02,28.12,84.8,4.0,Gorkha,2015-05-04 07:02:00,GORKHA
2015-05-04,11:47,27.74,86.0,4.2,Dolakha,2015-05-04 11:47:00,DOLAKHA
2015-05-03,09:14,27.69,85.93,4.5,Sindhupalchowk,2015-05-03 09:14:00,SINDHUPALCHOK
2015-05-03,04:24,28.05,84.94,4.0,Dhading,2015-05-03 04:24:00,DHADING
2015-05-03,11:32,28.08,85.04,4.0,Dhading,2015-05-03 11:32:00,DHADING
2015-05-03,13:45,27.98,84.87,4.1,Dhading,2015-05-03 13:45:00,DHADING
2015-05-03,16:31,27.94,84.83,4.5,Dhading,2015-05-03 16:31:00,DHADING
2015-05-03,11:05,27.8,85.11,4.9,Nuwakot,2015-05-03 11:05:00,NUWAKOT
2015-05-03,12:43,27.89,85.73,4.0,Sindhupalchowk,2015-05-03 12:43:00,SINDHUPALCHOK
2015-05-03,14:12,28.09,85.72,4.2,Sindhupalchowk,2015-05-03 14:12:00,SINDHUPALCHOK
2015-05-02,09:40,27.95,85.73,4.0,Sindhupalchowk,2015-05-02 09:40:00,SINDHUPALCHOK
2015-05-02,11:40,27.74,86.28,4.0,Dolakha,2015-05-02 11:40:00,DOLAKHA
2015-05-02,15:17,27.93,85.5,4.0,Sindhupalchowk,2015-05-02 15:17:00,SINDHUPALCHOK
2015-05-02,16:58,27.72,85.74,4.0,Sindhupalchowk,2015-05-02 16:58:00,SINDHUPALCHOK
2015-05-02,17:05,28.24,84.76,5.0,Gorkha,2015-05-02 17:05:00,GORKHA
2015-05-02,02:46,27.66,86.01,4.0,Dolakha,2015-05-02 02:46:00,DOLAKHA
2015-05-01,06:43,27.7,85.98,4.0,Dolakha,2015-05-01 06:43:00,DOLAKHA
2015-05-01,08:41,27.68,85.3,4.0,Kathmandu,2015-05-01 08:41:00,KATHMANDU
2015-05-01,16:20,27.75,85.95,4.0,Sindhupalchowk,2015-05-01 16:20:00,SINDHUPALCHOK
2015-05-01,17:13,28.04,85.33,4.0,Rasuwa,2015-05-01 17:13:00,RASUWA
2015-05-01,23:22,27.74,85.99,4.0,Dolakha,2015-05-01 23:22:00,SINDHUPALCHOK
2015-05-01,02:12,27.88,85.87,4.0,Sindhupalchowk,2015-05-01 02:12:00,SINDHUPALCHOK
2015-05-01,05:44,28.04,85.32,4.0,Rasuwa,2015-05-01 05:44:00,RASUWA
2015-04-30,12:07,27.93,84.83,4.0,Dhading,2015-04-30 12:07:00,DHADING
2015-04-30,14:16,28.05,85.34,4.0,Rasuwa,2015-04-30 14:16:00,RASUWA
2015-04-30,19:14,27.65,86.09,4.0,Dolakha,2015-04-30 19:14:00,DOLAKHA
2015-04-30,05:04,27.92,85.87,4.0,Sindhupalchowk,2015-04-30 05:04:00,SINDHUPALCHOK
2015-04-29,10:34,27.93,85.63,4.0,Sindhupalchowk,2015-04-29 10:34:00,SINDHUPALCHOK
2015-04-29,11:39,27.79,85.14,4.0,Nuwakot,2015-04-29 11:39:00,NUWAKOT
2015-04-29,19:02,28.04,85.37,4.0,Nuwakot,2015-04-29 19:02:00,RASUWA
2015-04-29,21:09,27.86,84.89,4.0,Dhading,2015-04-29 21:09:00,DHADING
2015-04-29,22:57,27.95,85.52,4.0,Sindhupalchowk,2015-04-29 22:57:00,SINDHUPALCHOK
2015-04-29,04:46,28.19,84.8,4.0,Gorkha,2015-04-29 04:46:00,GORKHA
2015-04-28,06:29,28.29,84.93,4.0,Gorkha,2015-04-28 06:29:00,GORKHA
2015-04-28,08:44,27.92,85.51,4.0,Sindhupalchowk,2015-04-28 08:44:00,SINDHUPALCHOK
2015-04-28,14:25,27.76,85.8,4.0,Sindhupalchowk,2015-04-28 14:25:00,SINDHUPALCHOK
2015-04-28,15:52,28.2,84.78,4.0,Gorkha,2015-04-28 15:52:00,GORKHA
2015-04-28,10:50,28.1,85.49,4.9,Sindhupalchok,2015-04-28 10:50:00,SINDHUPALCHOK
2015-04-28,13:30,27.81,86.09,4.2,Dolakha,2015-04-28 13:30:00,DOLAKHA
2015-04-28,10:48,27.88,85.88,4.2,Sindhupalchowk,2015-04-28 10:48:00,SINDHUPALCHOK
2015-04-28,08:44,27.92,85.51,4.2,Sindhupalchowk,2015-04-28 08:44:00,SINDHUPALCHOK
2015-04-28,08:57,27.89,85.76,4.2,Sindhupalchowk,2015-04-28 08:57:00,SINDHUPALCHOK
2015-04-28,08:55,27.83,85.83,4.0,Sindhupalchok,2015-04-28 08:55:00,SINDHUPALCHOK
2015-04-28,09:56,28.1,84.65,4.2,Gorkha,2015-04-28 09:56:00,GORKHA
2015-04-28,10:29,27.78,85.17,4.0,Nuwakot,2015-04-28 10:29:00,NUWAKOT
2015-04-27,15:21,27.67,85.29,4.5,Kathmandu,2015-04-27 15:21:00,KATHMANDU
2015-04-27,15:44,28.24,85.23,4.3,Rasuwa,2015-04-27 15:44:00,RASUWA
2015-04-27,15:50,27.93,85.86,4.0,Sindhupalchok,2015-04-27 15:50:00,SINDHUPALCHOK
2015-04-27,16:24,27.82,85.89,4.2,Sindhupalchok,2015-04-27 16:24:00,SINDHUPALCHOK
2015-04-27,17:15,28.19,85.03,4.0,Dhading,2015-04-27 17:15:00,DHADING
2015-04-27,14:03,27.67,85.55,4.2,Kavrepalanchok,2015-04-27 14:03:00,KABHREPALANCHOK
2015-04-27,12:09,27.77,85.12,4.7,Nuwakot,2015-04-27 12:09:00,NUWAKOT
2015-04-27,10:12,27.82,85.76,4.4,Sindhupalchok,2015-04-27 10:12:00,SINDHUPALCHOK
2015-04-27,10:02,27.57,85.74,4.5,Kavrepalanchok,2015-04-27 10:02:00,KABHREPALANCHOK
2015-04-27,10:00,27.56,85.73,4.2,Kavrepalanchok,2015-04-27 10:00:00,KABHREPALANCHOK
2015-04-27,09:22,27.75,85.2,4.1,Dhading,2015-04-27 09:22:00,DHADING
2015-04-27,09:02,27.8,85.12,4.0,Nuwakot,2015-04-27 09:02:00,NUWAKOT
2015-04-27,06:24,28.26,85.1,4.5,Dhading,2015-04-27 06:24:00,DHADING
2015-04-26,21:12,27.77,85.91,4.5,Sindhupalchowk,2015-04-26 21:12:00,SINDHUPALCHOK
2015-04-26,20:16,27.97,85.81,4.5,Sindhupalchowk,2015-04-26 20:16:00,SINDHUPALCHOK
2015-04-26,18:28,27.71,85.43,4.6,Bhaktapur,2015-04-26 18:28:00,BHAKTAPUR
2015-04-26,17:59,27.94,85.55,4.1,Sindhupalchok,2015-04-26 17:59:00,SINDHUPALCHOK
2015-04-26,17:36,27.91,85.55,4.2,Sindhupalchok,2015-04-26 17:36:00,SINDHUPALCHOK
2015-04-26,16:28,28.26,85.02,4.8,Gorkha,2015-04-26 16:28:00,GORKHA
2015-04-26,16:27,27.83,86.06,4.0,Dolakha,2015-04-26 16:27:00,DOLAKHA
2015-04-26,16:20,28.04,85.5,4.5,Sindhupalchok,2015-04-26 16:20:00,SINDHUPALCHOK
2015-04-26,15:55,27.95,85.87,5.3,Sindhupalchok,2015-04-26 15:55:00,SINDHUPALCHOK
2015-04-26,15:53,27.67,85.3,4.0,Lalitpur,2015-04-26 15:53:00,LALITPUR
2015-04-26,15:32,27.65,85.97,4.0,Dolakha,2015-04-26 15:32:00,DOLAKHA
2015-04-26,14:51,27.64,85.63,5.0,Kavrepalanchok,2015-04-26 14:51:00,KABHREPALANCHOK
2015-04-26,14:40,27.8,85.16,5.1,Nuwakot,2015-04-26 14:40:00,NUWAKOT
2015-04-26,14:28,28.32,84.73,4.5,Gorkha,2015-04-26 14:28:00,GORKHA
2015-04-26,14:27,28.31,84.97,4.5,Gorkha,2015-04-26 14:27:00,GORKHA
2015-04-26,14:14,27.72,85.97,4.5,Dolakha,2015-04-26 14:14:00,DOLAKHA
2015-04-26,14:02,27.79,85.15,4.0,Nuwakot,2015-04-26 14:02:00,NUWAKOT
2015-04-26,12:54,27.84,86.05,6.9,Dolakha,2015-04-26 12:54:00,DOLAKHA
2015-04-26,12:53,27.68,85.95,4.0,Dolakha,2015-04-26 12:53:00,DOLAKHA
2015-04-26,12:41,27.89,85.6,5.0,Sindhupalchok,2015-04-26 12:41:00,SINDHUPALCHOK
2015-04-26,12:01,27.84,85.12,4.0,Nuwakot,2015-04-26 12:01:00,NUWAKOT
2015-04-26,11:45,27.67,85.28,4.0,Kathmandu,2015-04-26 11:45:00,KATHMANDU
2015-04-26,11:17,28.05,85.34,4.0,Rasuwa,2015-04-26 11:17:00,RASUWA
2015-04-26,11:11,27.67,86.07,4.5,Dolakha,2015-04-26 11:11:00,DOLAKHA
2015-04-26,11:10,27.69,85.25,4.0,Kathmandu,2015-04-26 11:10:00,KATHMANDU
2015-04-26,08:37,27.82,85.8,4.8,Sindhupalchowk,2015-04-26 08:37:00,SINDHUPALCHOK
2015-04-26,08:34,27.98,84.99,4.0,Dhading,2015-04-26 08:34:00,DHADING
2015-04-26,08:10,27.79,86.0,4.8,Sindhupalchowk,2015-04-26 08:10:00,SINDHUPALCHOK
2015-04-26,08:02,27.6,85.96,4.8,Dolakha,2015-04-26 08:02:00,DOLAKHA
2015-04-26,07:53,28.25,85.83,4.0,Tibet,2015-04-26 07:53:00,
2015-04-26,07:41,27.93,85.56,4.4,Sindhupalchowk,2015-04-26 07:41:00,SINDHUPALCHOK
2015-04-26,07:37,28.14,84.71,4.2,Gorkha,2015-04-26 07:37:00,GORKHA
2015-04-26,07:34,28.05,85.35,4.0,Rasuwa,2015-04-26 07:34:00,RASUWA
2015-04-26,07:14,27.93,85.56,4.1,Sindhupalchowk,2015-04-26 07:14:00,SINDHUPALCHOK
2015-04-26,19:07,27.94,86.05,5.0,Tibet,2015-04-26 19:07:00,
2015-04-26,05:31,27.78,85.98,4.1,Sindhupalchowk,2015-04-26 05:31:00,SINDHUPALCHOK
2015-04-26,06:57,27.75,85.94,5.3,Sindhupalchowk,2015-04-26 06:57:00,SINDHUPALCHOK
2015-04-26,05:04,27.77,85.83,4.1,Sindhupalchowk,2015-04-26 05:04:00,SINDHUPALCHOK
2015-04-25,21:13,28.29,85.16,4.0,Rasuwa,2015-04-25 21:13:00,DHADING
2015-04-25,21:53,27.87,85.8,4.0,Sindhupalchowk,2015-04-25 21:53:00,SINDHUPALCHOK
2015-04-25,05:09,27.9,85.53,4.0,Sindhupalchowk,2015-04-25 05:09:00,SINDHUPALCHOK
2015-04-25,05:04,27.77,85.83,4.1,Sindhupalchowk,2015-04-25 05:04:00,SINDHUPALCHOK
2015-04-25,17:26,28.14,85.28,4.0,Rasuwa,2015-04-25 17:26:00,RASUWA
2015-04-25,18:02,28.0,85.4,4.0,Nuwakot,2015-04-25 18:02:00,NUWAKOT
2015-04-25,18:29,28.16,84.71,5.0,Gorkha,2015-04-25 18:29:00,GORKHA
2015-04-25,19:15,28.1,85.2,4.7,Rasuwa,2015-04-25 19:15:00,RASUWA
2015-04-25,15:15,28.0,85.6,5.5,Sindhupalchowk,2015-04-25 15:15:00,SINDHUPALCHOK
2015-04-25,14:48,27.91,85.33,5.3,Nuwakot,2015-04-25 14:48:00,NUWAKOT
2015-04-25,11:56,28.24,84.75,7.6,Gorkha,2015-04-25 11:56:00,GORKHA
2015-04-25,12:30,28.28,84.72,6.6,Gorkha,2015-04-25 12:30:00,GORKHA
2015-04-25,12:41,28.13,85.65,5.0,Rasuwa,2015-04-25 12:41:00,SINDHUPALCHOK
2015-04-25,12:53,28.2,85.75,5.3,Rasuwa,2015-04-25 12:53:00,RASUWA
2015-04-25,21:53,27.87,85.8,4.1,Sindhupalchowk,2015-04-25 21:53:00,SINDHUPALCHOK
2015-04-25,15:28,28.29,85.16,4.6,Dhading,2015-04-25 15:28:00,DHADING
2015-04-25,18:29,28.16,84.71,5.5,Gorkha,2015-04-25 18:29:00,GORKHA
2015-04-25,18:24,27.82,86.05,4.5,Dolakha,2015-04-25 18:24:00,DOLAKHA
2015-04-25,18:02,28.0,85.4,4.9,Nuwakot,2015-04-25 18:02:00,NUWAKOT
2015-04-25,16:50,27.91,85.5,4.6,Sidhupalchowk,2015-04-25 16:50:00,SINDHUPALCHOK
2015-04-25,17:26,28.14,85.28,4.1,Rasuwa,2015-04-25 17:26:00,RASUWA
2015-04-25,16:25,27.86,85.85,4.0,Sindhupalchowk,2015-04-25 16:25:00,SINDHUPALCHOK
2015-04-25,12:23,28.41,85.8,5.5,Tibet,2015-04-25 12:23:00,
2015-04-25,13:32,27.99,85.71,5.1,Sindhupalchok,2015-04-25 13:32:00,SINDHUPALCHOK
2015-04-25,05:12,28.34,85.91,5.0,Tibet,2015-04-25 05:12:00,
2015-04-25,18:24,27.82,86.05,4.0,Dolakha,2015-04-25 18:24:00,DOLAKHA
2015-04-25,13:06,27.69,86.02,4.9,Dolakha,2015-04-25 13:06:00,DOLAKHA
2015-04-25,02:06,27.6,86.09,4.0,Dolakha,2015-04-25 02:06:00,DOLAKHA
2015-04-25,05:10,27.78,85.17,4.0,Nuwakot,2015-04-25 05:10:00,NUWAKOT
2015-04-25,05:09,27.9,85.53,4.0,Sindhupalchowk,2015-04-25 05:09:00,SINDHUPALCHOK
2015-04-25,01:40,27.73,85.9,4.0,Sindhupalchowk,2015-04-25 01:40:00,SINDHUPALCHOK
2015-04-25,01:53,28.05,85.25,4.0,Rasuwa,2015-04-25 01:53:00,RASUWA
2015-04-25,02:10,27.73,85.9,5.0,Sindhupalchowk,2015-04-25 02:10:00,SINDHUPALCHOK
2015-04-25,02:21,28.14,85.16,4.0,Rasuwa,2015-04-25 02:21:00,RASUWA
2015-04-25,02:47,27.95,85.56,4.0,Sindhupalchowk,2015-04-25 02:47:00,SINDHUPALCHOK
2015-04-25,03:57,27.92,85.64,5.0,Sindhupalchowk,2015-04-25 03:57:00,SINDHUPALCHOK
2015-04-25,04:16,27.8,85.29,4.0,Nuwakot,2015-04-25 04:16:00,KATHMANDU
2015-04-25,05:04,27.77,85.83,4.0,Sindhupalchowk,2015-04-25 05:04:00,SINDHUPALCHOK
2015-04-25,16:08,27.87,85.8,4.1,Sindhupalchok,2015-04-25 16:08:00,SINDHUPALCHOK
2015-04-25,14:06,27.6,86.09,4.5,Dolakha,2015-04-25 14:06:00,DOLAKHA
2015-04-25,14:05,27.9,84.86,5.1,Dhading,2015-04-25 14:05:00,DHADING
2015-04-25,14:40,27.65,85.63,5.7,Kavrepalanchok,2015-04-25 14:40:00,KABHREPALANCHOK
2015-04-25,15:28,28.29,85.16,4.0,Rasuwa,2015-04-25 15:28:00,DHADING
2015-04-25,14:02,27.78,85.84,5.2,Sindhupalchok,2015-04-25 14:02:00,SINDHUPALCHOK
2015-04-25,14:14,28.18,84.95,5.2,Gorkha,2015-04-25 14:14:00,GORKHA
2015-04-23,07:42,28.4,83.99,4.1,Kaski,2015-04-23 07:42:00,KASKI
2015-04-22,12:59,28.8,81.92,4.5,Jajarkot,2015-04-22 12:59:00,JAJARKOT
2015-04-21,01:37,28.85,82.18,5.1,Jajarkot,2015-04-21 01:37:00,JAJARKOT
2015-02-14,04:36,27.42,87.01,4.5,Bhojpur,2015-02-14 04:36:00,BHOJPUR
2015-01-31,01:29,28.29,83.73,5.5,Parbat,2015-01-31 01:29:00,PARBAT
2015-01-22,15:12,29.36,81.03,4.4,Doti,2015-01-22 15:12:00,DOTI
2015-01-06,07:11,29.07,81.51,4.5,Dailekh,2015-01-06 07:11:00,DAILEKH
2014-12-18,21:17,27.73,86.52,5.9,Ramechhap,2014-12-18 21:17:00,RAMECHHAP
2014-11-25,21:34,28.25,84.94,4.5,Gorkha,2014-11-25 21:34:00,GORKHA
2014-09-17,16:14,27.76,88.05,4.5,Taplejung,2014-09-17 16:14:00,TAPLEJUNG
2014-08-03,23:42,29.45,85.64,5.9,Tibet,2014-08-03 23:42:00,
2014-07-07,22:22,29.73,80.93,4.2,Darchula,2014-07-07 22:22:00,DARCHULA
2014-07-04,11:43,27.83,87.91,4.6,Taplejung,2014-07-04 11:43:00,TAPLEJUNG
2014-05-25,08:31,28.23,84.09,4.1,Kaski,2014-05-25 08:31:00,KASKI
2014-05-20,00:21,28.32,84.73,4.3,Gorkha,2014-05-20 00:21:00,GORKHA
2014-04-23,12:59,27.3,87.62,4.0,Taplejung,2014-04-23 12:59:00,TAPLEJUNG
2014-04-11,23:07,29.29,81.26,4.2,Achham,2014-04-11 23:07:00,ACHHAM
2014-03-31,13:36,30.11,81.93,4.4,Humla,2014-03-31 13:36:00,HUMLA
2013-11-03,12:32,29.56,81.68,4.3,Bajura,2013-11-03 12:32:00,BAJURA
2013-10-28,07:22,27.36,87.37,4.3,Sankhuwasava,2013-10-28 07:22:00,SANKHUWASABHA
2013-10-13,03:28,30.08,81.74,4.5,Humla,2013-10-13 03:28:00,HUMLA
2013-10-03,11:57,27.14,88.51,5.7,Sikkim,2013-10-03 11:57:00,
2013-09-22,20:20,30.25,81.55,4.4,Humla,2013-09-22 20:20:00,HUMLA
2013-09-12,10:14,26.96,87.34,4.5,Dhankuta,2013-09-12 10:14:00,DHANKUTA
2013-08-30,23:33,28.43,86.03,6.0,Tibet,2013-08-30 23:33:00,
2013-06-28,17:25,28.76,82.4,5.5,Rukum West,2013-06-28 17:25:00,RUKUM_W
2013-06-27,12:05,30.05,80.8,4.4,Darchula,2013-06-27 12:05:00,DARCHULA
2013-06-26,04:07,26.85,85.96,4.4,Dhanusha,2013-06-26 04:07:00,DHANUSHA
2013-06-09,21:56,27.31,86.7,4.2,Khotang,2013-06-09 21:56:00,KHOTANG
2013-05-31,11:49,29.74,81.6,4.5,Bajura,2013-05-31 11:49:00,BAJURA
2013-05-26,23:23,27.72,85.91,4.2,Sindhupalchok,2013-05-26 23:23:00,SINDHUPALCHOK
2013-05-14,08:58,29.56,82.0,4.3,Mugu,2013-05-14 08:58:00,MUGU
2013-05-14,09:03,29.68,82.0,4.4,Mugu,2013-05-14 09:03:00,MUGU
2013-05-14,15:44,29.65,81.98,4.5,Mugu,2013-05-14 15:44:00,MUGU
2013-04-28,00:13,29.87,81.26,4.9,Bajhang,2013-04-28 00:13:00,BAJHANG
2013-03-17,17:44,26.74,86.08,4.2,Dhanusha,2013-03-17 17:44:00,DHANUSHA
2013-03-06,22:34,28.57,82.27,5.4,Salyan,2013-03-06 22:34:00,SALYAN
2013-02-22,08:26,28.39,83.18,4.1,Baglung,2013-02-22 08:26:00,BAGLUNG
2013-02-07,06:53,29.42,81.05,4.0,Bajhang,2013-02-07 06:53:00,BAJHANG
2013-01-18,02:44,29.48,81.26,4.5,Bajhang,2013-01-18 02:44:00,BAJHANG
2013-01-13,23:20,26.84,86.22,4.0,Siraha,2013-01-13 23:20:00,SIRAHA
2013-01-09,13:29,29.82,81.7,5.5,Bajura,2013-01-09 13:29:00,BAJURA
2013-01-02,23:27,29.41,81.0,4.7,Doti,2013-01-02 23:27:00,DOTI
2012-12-22,11:50,28.27,82.84,4.5,Rolpa,2012-12-22 11:50:00,ROLPA
2012-12-04,08:46,28.88,82.34,4.0,Jajarkot,2012-12-04 08:46:00,JAJARKOT
2012-11-12,18:27,29.55,81.31,4.5,Bajhang,2012-11-12 18:27:00,BAJHANG
2012-11-11,00:24,29.51,81.13,5.6,Bajhang,2012-11-11 00:24:00,BAJHANG
2012-10-22,12:41,27.95,87.86,4.5,Taplejung/Tibet,2012-10-22 12:41:00,
2012-09-17,15:30,28.59,82.41,4.4,Rukum West,2012-09-17 15:30:00,RUKUM_W
2012-08-30,19:56,28.61,82.43,4.5,Rukum West,2012-08-30 19:56:00,RUKUM_W
2012-08-29,01:39,28.4,82.79,4.3,Rolpa,2012-08-29 01:39:00,ROLPA
2012-08-28,14:16,28.73,81.81,4.4,Dailekh,2012-08-28 14:16:00,DAILEKH
2012-08-24,09:40,28.42,82.75,5.2,Rolpa,2012-08-24 09:40:00,ROLPA
2012-08-24,18:02,28.38,82.66,4.4,Rolpa,2012-08-24 18:02:00,ROLPA
2012-08-23,22:27,28.39,82.73,4.4,Rolpa,2012-08-23 22:27:00,ROLPA
2012-08-23,22:15,28.38,82.84,5.6,Rolpa,2012-08-23 22:15:00,ROLPA
2012-08-06,07:38,27.77,88.13,4.2,Taplejung,2012-08-06 07:38:00,TAPLEJUNG
2012-07-31,17:35,28.58,82.48,5.0,Rukum West,2012-07-31 17:35:00,RUKUM_W
2012-07-31,17:43,28.53,82.42,4.8,Rukum West,2012-07-31 17:43:00,RUKUM_W
2012-07-31,17:50,28.55,82.37,4.2,Salyan,2012-07-31 17:50:00,SALYAN
2012-07-28,11:33,30.12,80.54,5.0,India,2012-07-28 11:33:00,
2012-07-11,23:08,29.43,81.03,4.9,Bajhang,2012-07-11 23:08:00,BAJHANG
2012-07-01,13:39,27.27,88.05,4.0,Panchthar/Sikkim,2012-07-01 13:39:00,
2012-06-15,22:00,28.99,81.58,4.2,Dailekh,2012-06-15 22:00:00,DAILEKH
2012-06-11,10:20,27.25,88.0,4.5,Panchthar,2012-06-11 10:20:00,PANCHTHAR
2012-06-09,13:39,28.32,84.17,5.1,Kaski,2012-06-09 13:39:00,KASKI
2012-05-30,15:19,27.31,87.88,4.2,Taplejung,2012-05-30 15:19:00,TAPLEJUNG
2012-04-17,04:58,28.5,82.06,4.2,Salyan,2012-04-17 04:58:00,SALYAN
2012-04-11,08:37,29.55,81.24,4.3,Bajhang,2012-04-11 08:37:00,BAJHANG
2012-03-27,05:25,26.12,87.87,5.2,India,2012-03-27 05:25:00,
2012-03-19,04:21,28.7,82.02,4.7,Jajarkot,2012-03-19 04:21:00,JAJARKOT
2012-02-26,04:41,29.71,81.02,4.4,Bajhang,2012-02-26 04:41:00,BAJHANG
2012-02-26,04:53,29.86,81.05,4.9,Bajhang,2012-02-26 04:53:00,BAJHANG
2012-02-14,19:26,27.38,88.11,4.5,Panchthar/Sikkim,2012-02-14 19:26:00,
2012-02-14,19:33,27.33,88.03,4.4,Panchthar,2012-02-14 19:33:00,PANCHTHAR
2012-02-05,01:51,27.25,88.07,4.0,Panchthar/Sikkim,2012-02-05 01:51:00,
2012-01-24,09:52,26.84,86.43,4.0,Siraha,2012-01-24 09:52:00,SIRAHA
2012-01-19,06:31,29.73,81.91,4.6,Humla,2012-01-19 06:31:00,HUMLA
2012-01-18,17:01,26.63,86.4,4.5,Siraha,2012-01-18 17:01:00,SIRAHA
2012-01-11,14:44,28.89,81.89,4.2,Dailekh,2012-01-11 14:44:00,DAILEKH
2011-12-30,07:55,29.62,81.53,4.0,Bajura,2011-12-30 07:55:00,BAJURA
2011-12-18,03:20,27.73,88.16,4.6,Taplejung,2011-12-18 03:20:00,
2011-12-14,02:05,27.72,88.09,4.9,Taplejung,2011-12-14 02:05:00,TAPLEJUNG
2011-12-09,17:42,27.83,88.13,4.2,Taplejung,2011-12-09 17:42:00,TAPLEJUNG
2011-12-08,23:25,27.97,82.86,4.0,Pyuthan,2011-12-08 23:25:00,PYUTHAN
2011-12-02,11:02,28.05,85.34,4.2,Rasuwa,2011-12-02 11:02:00,RASUWA
2011-11-23,06:11,28.91,81.68,4.2,Dailekh,2011-11-23 06:11:00,DAILEKH
2011-11-19,05:51,27.7,86.1,4.0,Dolakha,2011-11-19 05:51:00,DOLAKHA
2011-11-13,05:31,28.2,84.93,5.2,Gorkha,2011-11-13 05:31:00,GORKHA
2011-11-08,23:52,27.94,85.55,4.1,Sindhupalchowk,2011-11-08 23:52:00,SINDHUPALCHOK
2011-11-04,22:34,28.34,83.66,4.0,Parbat,2011-11-04 22:34:00,PARBAT
2011-10-02,17:14,29.55,81.68,4.2,Bajura,2011-10-02 17:14:00,BAJURA
2011-10-01,10:11,30.16,81.81,4.7,Humla,2011-10-01 10:11:00,HUMLA
2011-09-18,18:25,27.78,88.32,6.8,Sikkim,2011-09-18 18:25:00,
2011-08-27,13:36,26.94,86.6,5.0,Udayapur,2011-08-27 13:36:00,UDAYAPUR
2011-08-25,13:46,28.15,82.53,4.4,Rolpa,2011-08-25 13:46:00,ROLPA
2011-08-22,20:36,28.29,83.96,4.0,Kaski,2011-08-22 20:36:00,KASKI
2011-08-19,07:37,29.7,81.34,4.9,Bajhang,2011-08-19 07:37:00,BAJHANG
2011-08-18,14:20,28.21,84.31,4.0,Lamjung,2011-08-18 14:20:00,LAMJUNG
2011-08-15,22:33,27.44,86.27,5.0,Okhaldhunga,2011-08-15 22:33:00,OKHALDHUNGA
2011-08-09,06:54,29.9,81.31,4.3,Bajhang,2011-08-09 06:54:00,BAJHANG
2011-08-02,07:32,27.35,86.35,4.0,Okhaldhunga,2011-08-02 07:32:00,OKHALDHUNGA
2011-07-29,18:56,27.19,86.76,4.2,Khotang,2011-07-29 18:56:00,KHOTANG
2011-07-15,01:44,27.28,87.3,4.5,Sankhuwasabha,2011-07-15 01:44:00,SANKHUWASABHA
2011-06-18,23:16,27.83,87.35,4.3,Sankhuwasabha,2011-06-18 23:16:00,
2011-06-17,09:22,30.24,81.48,4.2,Humla,2011-06-17 09:22:00,HUMLA
2011-06-11,17:26,28.4,82.55,4.1,Rolpa,2011-06-11 17:26:00,ROLPA
2011-06-11,10:27,28.41,82.66,4.2,Rolpa,2011-06-11 10:27:00,ROLPA
2011-06-03,06:38,27.6,88.03,5.2,Taplejung,2011-06-03 06:38:00,TAPLEJUNG
2011-04-07,15:54,27.93,85.61,4.1,Sindhupalchowk,2011-04-07 15:54:00,SINDHUPALCHOK
2011-04-05,06:45,29.74,80.37,4.1,Darchula,2011-04-05 06:45:00,DARCHULA
2011-04-04,17:16,29.92,80.54,5.7,Darchula,2011-04-04 17:16:00,
2011-04-04,19:27,30.0,80.81,4.3,Darchula,2011-04-04 19:27:00,DARCHULA
2011-03-22,10:55,28.11,82.74,4.2,Pyuthan,2011-03-22 10:55:00,PYUTHAN
2011-03-12,05:51,28.31,83.78,4.4,Kaski,2011-03-12 05:51:00,KASKI
2011-03-11,22:43,28.31,83.8,4.3,Kaski,2011-03-11 22:43:00,KASKI
2011-03-10,22:34,28.02,85.24,4.3,Rasuwa,2011-03-10 22:34:00,RASUWA
2011-02-22,01:29,27.57,87.01,4.2,Sankhuwasabha,2011-02-22 01:29:00,SANKHUWASABHA
2011-02-13,23:36,27.47,87.01,4.7,Sankhuwasabha,2011-02-13 23:36:00,SANKHUWASABHA
2011-01-18,12:47,27.8,85.94,4.3,Sindhupalchowk,2011-01-18 12:47:00,SINDHUPALCHOK
2011-01-18,09:20,30.03,81.97,4.1,Humla,2011-01-18 09:20:00,HUMLA
2010-12-18,12:15,28.18,84.79,4.1,Gorkha,2010-12-18 12:15:00,GORKHA
2010-12-05,12:22,29.57,81.7,4.2,Bajura,2010-12-05 12:22:00,BAJURA
2010-11-30,22:05,26.93,85.79,4.4,Mahottari,2010-11-30 22:05:00,MAHOTTARI
2010-11-25,19:50,28.44,83.17,4.7,Baglung,2010-11-25 19:50:00,BAGLUNG
2010-10-17,02:56,28.64,85.71,5.7,Tibet,2010-10-17 02:56:00,
2010-09-01,03:57,28.23,84.37,4.0,Lamjung,2010-09-01 03:57:00,LAMJUNG
2010-06-13,20:23,29.4,81.38,4.5,Bajura,2010-06-13 20:23:00,BAJURA
2010-06-13,20:16,29.6,81.65,5.4,Bajura,2010-06-13 20:16:00,BAJURA
2010-05-13,11:50,28.3,84.51,4.4,Lamjung,2010-05-13 11:50:00,LAMJUNG
2010-04-30,05:55,27.75,86.36,4.0,Dolakha,2010-04-30 05:55:00,DOLAKHA
2010-04-14,12:04,28.31,83.09,4.2,Baglung,2010-04-14 12:04:00,BAGLUNG
2010-04-13,19:53,29.37,81.34,4.5,Bajura,2010-04-13 19:53:00,BAJURA
2010-03-01,08:38,29.76,81.55,4.3,Bajhang,2010-03-01 08:38:00,BAJHANG
2010-02-28,17:39,28.4,81.51,4.2,Bardiya,2010-02-28 17:39:00,BARDIYA
2010-02-25,19:51,29.78,81.51,4.7,Bajhang,2010-02-25 19:51:00,BAJHANG
2010-02-17,14:52,26.79,86.08,4.2,Dhanusa,2010-02-17 14:52:00,DHANUSHA
2010-01-18,12:00,28.37,83.97,4.0,Kaski,2010-01-18 12:00:00,KASKI
2009-12-16,11:58,29.6,81.51,4.8,Bajura,2009-12-16 11:58:00,BAJURA
2009-12-15,22:01,28.28,84.4,4.1,Lamjung,2009-12-15 22:01:00,LAMJUNG
2009-11-22,15:41,29.02,82.15,4.8,Jajarkot,2009-11-22 15:41:00,JAJARKOT
2009-11-08,01:14,30.11,81.91,4.3,Humla,2009-11-08 01:14:00,HUMLA
2009-11-02,04:29,27.87,87.94,4.0,Taplejung,2009-11-02 04:29:00,TAPLEJUNG
2009-11-01,14:35,30.1,81.81,4.5,Humla,2009-11-01 14:35:00,HUMLA
2009-10-29,00:24,28.73,83.11,4.1,Rukum East,2009-10-29 00:24:00,RUKUM_E
2009-09-26,01:36,29.81,82.05,4.3,Humla,2009-09-26 01:36:00,HUMLA
2009-08-02,15:49,28.12,85.18,4.0,Rasuwa,2009-08-02 15:49:00,RASUWA
2009-07-12,19:20,27.71,86.36,4.5,Dolakha,2009-07-12 19:20:00,DOLAKHA
2009-05-14,01:58,27.43,87.35,4.2,Sankhuwasava,2009-05-14 01:58:00,SANKHUWASABHA
2009-05-14,01:03,27.48,87.36,4.6,Sankhuwasava,2009-05-14 01:03:00,SANKHUWASABHA
2009-04-13,20:34,28.25,84.54,4.3,Lamjung,2009-04-13 20:34:00,LAMJUNG
2009-03-12,15:57,28.43,84.42,4.2,Lamjung,2009-03-12 15:57:00,LAMJUNG
2009-03-08,20:23,27.41,87.8,4.6,Taplejung,2009-03-08 20:23:00,TAPLEJUNG
2009-01-23,18:12,29.05,81.4,4.2,Achham,2009-01-23 18:12:00,ACHHAM
2009-01-10,06:13,27.9,88.04,4.2,Taplejung,2009-01-10 06:13:00,TAPLEJUNG
2008-12-29,08:08,30.13,82.03,4.0,Humla,2008-12-29 08:08:00,HUMLA
2008-12-26,17:28,30.09,81.9,4.5,Humla,2008-12-26 17:28:00,HUMLA
2008-12-23,03:04,28.18,84.38,4.4,Lamjung,2008-12-23 03:04:00,LAMJUNG
2008-12-19,12:18,30.1,81.91,4.4,Humla,2008-12-19 12:18:00,HUMLA
2008-12-08,14:44,30.15,81.86,6.3,Humla,2008-12-08 14:44:00,HUMLA
2008-12-02,15:00,27.33,87.92,4.1,Taplejung,2008-12-02 15:00:00,TAPLEJUNG
2008-12-02,13:23,27.29,87.92,4.3,Taplejung,2008-12-02 13:23:00,TAPLEJUNG
2008-12-02,11:55,27.3,87.99,4.1,Panchthar,2008-12-02 11:55:00,PANCHTHAR
2008-12-02,10:56,27.3,88.03,4.1,Panchthar,2008-12-02 10:56:00,PANCHTHAR
2008-12-02,10:56,27.32,87.99,5.6,Taplejung,2008-12-02 10:56:00,TAPLEJUNG
2008-12-01,15:08,28.18,85.29,5.0,Rasuwa,2008-12-01 15:08:00,RASUWA
2008-10-07,23:54,27.47,87.71,4.6,Taplejung,2008-10-07 23:54:00,TAPLEJUNG
2008-09-10,01:10,28.4,83.03,4.1,Baglung,2008-09-10 01:10:00,BAGLUNG
2008-08-02,03:49,28.18,85.29,4.4,Rasuwa,2008-08-02 03:49:00,RASUWA
2008-06-20,23:50,27.98,85.73,4.8,Sindhupalchowk,2008-06-20 23:50:00,SINDHUPALCHOK
2008-06-15,09:12,29.73,80.96,5.0,Darchula,2008-06-15 09:12:00,DARCHULA
2008-06-02,04:09,27.8,85.91,4.1,Sindhupalchowk,2008-06-02 04:09:00,SINDHUPALCHOK
2008-05-20,00:55,28.33,83.33,4.3,Baglung,2008-05-20 00:55:00,BAGLUNG
2008-05-08,21:20,27.5,87.52,4.2,Taplejung,2008-05-08 21:20:00,TAPLEJUNG
2008-03-17,00:40,29.76,81.53,4.6,Bajhang,2008-03-17 00:40:00,BAJHANG
2008-03-02,19:59,29.69,81.76,4.4,Humla,2008-03-02 19:59:00,HUMLA
2008-02-16,08:34,26.79,86.25,4.2,Siraha,2008-02-16 08:34:00,SIRAHA
2008-02-14,04:58,27.8,88.15,4.1,Taplejung,2008-02-14 04:58:00,TAPLEJUNG
2008-01-15,19:22,27.37,86.53,4.1,Okhaldhunga,2008-01-15 19:22:00,OKHALDHUNGA
2007-12-01,00:03,28.05,85.28,4.1,Rasuwa,2007-12-01 00:03:00,RASUWA
2007-11-05,23:17,28.2,84.45,4.5,Lamjung,2007-11-05 23:17:00,LAMJUNG
2007-10-29,15:34,27.9,85.45,5.0,Nuwakot,2007-10-29 15:34:00,NUWAKOT
2007-10-12,15:48,27.75,86.12,4.0,Dolakha,2007-10-12 15:48:00,DOLAKHA
2007-09-07,14:27,27.72,86.26,4.1,Dolakha,2007-09-07 14:27:00,DOLAKHA
2007-09-07,12:24,28.05,85.33,4.2,Rasuwa,2007-09-07 12:24:00,RASUWA
2007-08-11,20:20,27.28,87.9,5.2,Panchthar,2007-08-11 20:20:00,PANCHTHAR
2007-08-06,06:38,27.84,85.69,4.1,Sindhupalchowk,2007-08-06 06:38:00,SINDHUPALCHOK
2007-08-03,12:31,27.2,87.04,4.5,Bhojpur,2007-08-03 12:31:00,BHOJPUR
2007-08-03,09:35,27.24,87.03,4.5,Bhojpur,2007-08-03 09:35:00,BHOJPUR
2007-08-03,13:56,27.24,87.02,4.0,Bhojpur,2007-08-03 13:56:00,BHOJPUR
2007-08-03,02:29,27.21,87.97,4.4,Panchthar,2007-08-03 02:29:00,PANCHTHAR
2007-08-01,21:02,29.49,81.91,4.6,Mugu,2007-08-01 21:02:00,MUGU
2007-07-30,00:58,27.24,87.02,4.1,Bhojpur,2007-07-30 00:58:00,BHOJPUR
2007-07-07,20:58,28.08,85.3,4.0,Rasuwa,2007-07-07 20:58:00,RASUWA
2007-06-17,08:15,27.83,84.91,4.2,Dhading,2007-06-17 08:15:00,DHADING
2007-06-04,13:32,27.36,83.98,4.2,Chitwan/Bihar,2007-06-04 13:32:00,
2007-05-16,10:02,27.5,88.08,4.6,Taplejung/Sikkim,2007-05-16 10:02:00,
2007-03-10,19:10,29.5,81.21,4.9,Bajhang,2007-03-10 19:10:00,BAJHANG
2007-02-15,14:54,29.83,81.45,5.2,Bajhang,2007-02-15 14:54:00,BAJHANG
2007-02-06,01:53,28.35,83.42,4.1,Baglung,2007-02-06 01:53:00,BAGLUNG
2007-02-06,01:55,28.35,83.43,4.2,Myagdi,2007-02-06 01:55:00,MYAGDI
2007-02-05,13:42,29.99,81.05,4.1,Bajhang,2007-02-05 13:42:00,BAJHANG
2006-11-11,21:29,27.21,87.63,4.2,Tehrathum,2006-11-11 21:29:00,TERHATHUM
2006-09-26,09:49,30.1,80.83,4.5,Darchula,2006-09-26 09:49:00,
2006-09-19,12:41,29.62,81.54,5.0,Bajura,2006-09-19 12:41:00,BAJURA
2006-09-17,02:57,26.98,87.8,4.2,Illam,2006-09-17 02:57:00,ILAM
2006-08-30,00:10,29.05,83.6,4.3,Dolpa,2006-08-30 00:10:00,DOLPA
2006-08-15,06:15,27.89,85.7,4.3,Sindhupalchowk,2006-08-15 06:15:00,SINDHUPALCHOK
2006-05-05,13:45,29.43,81.26,4.8,Bajura,2006-05-05 13:45:00,BAJURA
2006-04-04,14:08,27.91,85.83,4.6,Sindhupalchowk,2006-04-04 14:08:00,SINDHUPALCHOK
2006-02-19,03:03,28.24,83.89,4.7,Kaski,2006-02-19 03:03:00,KASKI
2006-02-03,07:42,27.18,86.8,5.4,Khotang,2006-02-03 07:42:00,KHOTANG
2005-11-06,07:21,29.61,82.02,5.1,Mugu,2005-11-06 07:21:00,MUGU
2005-10-31,03:32,28.65,84.83,4.7,Gorkha/ Tibet,2005-10-31 03:32:00,
2005-10-31,11:36,29.59,82.2,5.4,Mugu,2005-10-31 11:36:00,MUGU
2005-10-29,05:17,29.45,81.94,5.3,Mugu,2005-10-29 05:17:00,MUGU
2005-08-28,18:59,27.31,87.22,5.5,Sankhuwasava,2005-08-28 18:59:00,SANKHUWASABHA
2005-08-08,05:38,27.98,85.51,4.2,Sindhupalchowk,2005-08-08 05:38:00,SINDHUPALCHOK
2005-07-27,07:51,27.42,86.83,4.3,Khotang,2005-07-27 07:51:00,KHOTANG
2005-06-14,20:08,27.28,87.89,4.6,Panchthar,2005-06-14 20:08:00,PANCHTHAR
2005-05-05,11:30,27.69,87.7,4.1,Taplejung,2005-05-05 11:30:00,TAPLEJUNG
2005-04-15,22:12,27.92,85.71,4.1,Sindhupalchowk,2005-04-15 22:12:00,SINDHUPALCHOK
2005-04-07,07:25,29.35,81.88,4.2,Kalikot,2005-04-07 07:25:00,KALIKOT
2005-04-04,10:25,28.54,83.31,4.1,Myagdi,2005-04-04 10:25:00,MYAGDI
2005-04-04,10:13,28.56,83.18,4.1,Myagdi,2005-04-04 10:13:00,MYAGDI
2005-04-04,10:50,28.54,83.31,4.1,Myagdi,2005-04-04 10:50:00,MYAGDI
2005-03-29,21:36,28.11,84.77,4.4,Gorkha,2005-03-29 21:36:00,GORKHA
2005-03-29,15:09,28.04,84.74,4.0,Gorkha,2005-03-29 15:09:00,GORKHA
2005-03-29,18:39,28.14,84.8,4.1,Gorkha,2005-03-29 18:39:00,GORKHA
2005-03-29,07:06,28.15,84.37,4.0,Lamjung,2005-03-29 07:06:00,LAMJUNG
2005-03-19,16:39,28.25,84.39,5.4,Lamjung,2005-03-19 16:39:00,LAMJUNG
2005-03-05,18:04,28.27,84.39,5.0,Lamjung,2005-03-05 18:04:00,LAMJUNG
2005-02-08,07:36,27.76,86.07,5.1,Dolakha,2005-02-08 07:36:00,DOLAKHA
2005-01-16,14:28,29.68,81.14,5.0,Bajhang,2005-01-16 14:28:00,BAJHANG
2004-12-27,03:06,27.76,86.2,4.2,Dolakaha,2004-12-27 03:06:00,DOLAKHA
2004-12-26,19:31,29.9,81.63,4.3,Bajura,2004-12-26 19:31:00,BAJURA
2004-11-17,16:24,28.26,84.67,4.1,Gorkha,2004-11-17 16:24:00,GORKHA
2004-11-09,16:35,28.76,82.93,4.4,Rukum East,2004-11-09 16:35:00,RUKUM_E
2004-10-05,16:10,26.82,86.55,4.1,Siraha,2004-10-05 16:10:00,SIRAHA
2004-09-12,14:33,29.5,81.84,4.3,Mugu,2004-09-12 14:33:00,MUGU
2004-09-02,04:24,27.87,85.93,4.1,Sindhupalchowk,2004-09-02 04:24:00,SINDHUPALCHOK
2004-08-22,23:04,28.03,85.24,4.1,Rasuwa,2004-08-22 23:04:00,RASUWA
2004-07-20,09:20,27.96,85.88,4.5,Sindhupalchok,2004-07-20 09:20:00,SINDHUPALCHOK
2004-07-16,02:18,28.32,84.06,4.6,Kaski,2004-07-16 02:18:00,KASKI
2004-05-29,21:51,28.59,82.98,4.3,Baglung,2004-05-29 21:51:00,BAGLUNG
2004-05-29,18:07,28.55,82.96,4.9,Baglung,2004-05-29 18:07:00,BAGLUNG
2004-03-31,04:17,27.18,87.63,4.6,Terhathum,2004-03-31 04:17:00,TERHATHUM
2004-03-17,10:29,27.67,87.82,4.1,Taplejung,2004-03-17 10:29:00,TAPLEJUNG
2004-02-18,07:08,27.61,87.8,4.7,Taplejung,2004-02-18 07:08:00,TAPLEJUNG
2004-02-14,13:15,29.67,80.88,4.3,Bhajhang,2004-02-14 13:15:00,BAJHANG
2004-02-02,09:06,29.32,81.53,4.1,Kalikot,2004-02-02 09:06:00,KALIKOT
2004-01-07,05:06,28.07,85.0,4.0,Dhading,2004-01-07 05:06:00,DHADING
2004-01-03,19:25,27.77,86.05,4.1,Dolakha,2004-01-03 19:25:00,DOLAKHA
2004-01-03,18:59,27.76,86.07,5.5,Dolakha,2004-01-03 18:59:00,DOLAKHA
2003-12-19,09:05,27.6,87.67,4.2,Taplejung,2003-12-19 09:05:00,TAPLEJUNG
2003-12-11,20:29,29.85,80.54,4.1,Darchula/India,2003-12-11 20:29:00,
2003-12-05,23:38,28.4,83.93,4.0,Kaski,2003-12-05 23:38:00,KASKI
2003-11-23,01:00,28.45,83.94,4.5,Kaski,2003-11-23 01:00:00,KASKI
2003-11-22,10:52,28.44,83.9,5.0,Kaski,2003-11-22 10:52:00,KASKI
2003-11-05,18:04,27.78,86.16,4.1,Dolakha,2003-11-05 18:04:00,DOLAKHA
2003-10-29,13:44,27.26,86.69,4.0,Khotang,2003-10-29 13:44:00,KHOTANG
2003-09-29,09:25,27.52,87.85,4.6,Taplejung,2003-09-29 09:25:00,TAPLEJUNG
2003-09-24,06:30,29.0,81.95,4.3,Kalikot,2003-09-24 06:30:00,KALIKOT
2003-08-05,10:12,27.99,86.03,4.2,Sidhupalchowk/ Tibet,2003-08-05 10:12:00,
2003-08-02,06:58,29.51,82.1,4.4,Mugu,2003-08-02 06:58:00,MUGU
2003-07-28,08:30,28.75,82.52,4.5,Rukum West,2003-07-28 08:30:00,RUKUM_W
2003-06-23,18:15,27.79,87.97,4.8,Taplejung,2003-06-23 18:15:00,TAPLEJUNG
2003-04-04,12:47,30.1,80.39,5.0,"Pithoragarh, India",2003-04-04 12:47:00,
2003-02-26,01:43,28.32,86.54,4.6,Tibet,2003-02-26 01:43:00,
2002-11-20,05:12,29.64,81.52,4.7,Bajura,2002-11-20 05:12:00,BAJURA
2002-10-11,00:44,28.28,83.94,4.0,Kaski,2002-10-11 00:44:00,KASKI
2002-10-09,19:33,28.18,83.9,4.1,Syangja,2002-10-09 19:33:00,SYANGJA
2002-09-09,20:22,28.98,80.74,4.1,Kailali,2002-09-09 20:22:00,KAILALI
2002-08-11,13:54,26.97,86.4,4.1,Udayapur,2002-08-11 13:54:00,UDAYAPUR
2002-07-16,00:24,27.75,87.36,4.3,Sankhuwasabha,2002-07-16 00:24:00,SANKHUWASABHA
2002-07-02,22:55,27.17,84.82,4.1,Parsa,2002-07-02 22:55:00,PARSA
2002-06-20,11:25,25.63,88.38,5.5,Bangladesh,2002-06-20 11:25:00,
2002-06-13,23:58,28.23,84.86,4.0,Gorkha,2002-06-13 23:58:00,GORKHA
2002-06-07,20:31,28.77,81.12,4.0,Kailali,2002-06-07 20:31:00,KAILALI
2002-06-05,18:23,28.86,80.75,4.0,Kailali,2002-06-05 18:23:00,KAILALI
2002-06-04,20:41,28.79,80.53,4.0,Kanchanpur,2002-06-04 20:41:00,KANCHANPUR
2002-05-02,23:20,27.67,86.67,5.2,Solukhumbu,2002-05-02 23:20:00,SOLUKHUMBU
2002-04-15,15:41,26.87,86.31,4.0,Siraha,2002-04-15 15:41:00,SIRAHA
2002-04-09,13:08,27.46,86.14,4.0,Ramechhap,2002-04-09 13:08:00,RAMECHHAP
2002-02-03,13:26,27.72,86.37,4.1,Dolakha,2002-02-03 13:26:00,DOLAKHA
2001-12-19,13:39,23.83,89.88,4.8,Bangaladesh,2001-12-19 13:39:00,
2001-12-18,08:06,29.58,81.77,4.7,Bajura,2001-12-18 08:06:00,BAJURA
2001-11-28,15:50,29.59,81.77,4.5,Bajura,2001-11-28 15:50:00,BAJURA
2001-11-27,23:41,29.52,81.99,5.2,Mugu,2001-11-27 23:41:00,MUGU
2001-11-27,14:38,29.53,81.81,5.8,Mugu,2001-11-27 14:38:00,MUGU
2001-11-27,13:16,29.63,81.79,5.7,Humla,2001-11-27 13:16:00,HUMLA
2001-10-27,16:52,29.56,81.46,4.7,Bajura,2001-10-27 16:52:00,BAJURA
2001-09-27,03:49,26.98,87.78,4.8,Ilam,2001-09-27 03:49:00,ILAM
2001-09-13,12:05,29.82,80.64,5.0,Darchula,2001-09-13 12:05:00,DARCHULA
2001-07-16,04:46,28.27,84.25,4.8,Lamjung,2001-07-16 04:46:00,LAMJUNG
2001-07-16,21:57,27.97,84.68,5.9,Gorkha,2001-07-16 21:57:00,GORKHA
2001-07-11,01:29,29.51,81.39,4.3,Bajura,2001-07-11 01:29:00,BAJURA
2001-04-15,14:21,29.41,81.58,4.5,Bajura,2001-04-15 14:21:00,BAJURA
2001-04-03,04:53,27.88,86.21,5.1,Dolakha,2001-04-03 04:53:00,DOLAKHA
2001-01-26,09:01,24.17,69.85,7.0,"Bhuj,India",2001-01-26 09:01:00,
2000-12-31,04:36,27.84,87.71,4.1,Taplejung/Tibet,2000-12-31 04:36:00,
2000-09-02,10:06,28.07,85.33,4.5,Rasuwa,2000-09-02 10:06:00,RASUWA
2000-06-02,23:54,28.07,83.29,4.2,Gulmi,2000-06-02 23:54:00,GULMI
2000-04-30,01:16,27.68,86.93,4.0,Solukhumbu,2000-04-30 01:16:00,SOLUKHUMBU
2000-03-17,10:43,27.76,87.55,4.2,Sankhuwasabha,2000-03-17 10:43:00,SANKHUWASABHA
2000-03-13,04:54,29.77,81.41,4.2,Bajhang,2000-03-13 04:54:00,BAJHANG
2000-03-13,02:29,27.73,87.71,5.1,Taplejung,2000-03-13 02:29:00,TAPLEJUNG
2000-01-25,17:52,27.38,86.06,4.6,Panchthar/Sikkim,2000-01-25 17:52:00,RAMECHHAP
1999-09-20,13:13,27.44,87.85,4.9,Taplejung,1999-09-20 13:13:00,TAPLEJUNG
1999-08-26,01:36,27.46,86.44,4.2,Okhaldhunga,1999-08-26 01:36:00,OKHALDHUNGA
1999-08-01,14:09,28.09,86.52,5.7,Dolakha/Tibet,1999-08-01 14:09:00,
1999-04-07,12:42,29.6,81.23,4.4,Bajhang,1999-04-07 12:42:00,BAJHANG
1999-03-28,00:50,30.5,79.26,6.5,"Chamauli,India",1999-03-28 00:50:00,
1999-03-19,11:38,27.93,85.83,4.8,Sindhupalchowk,1999-03-19 11:38:00,SINDHUPALCHOK
1999-02-01,07:10,28.61,83.35,4.7,Myagdi,1999-02-01 07:10:00,MYAGDI
1998-09-10,04:42,27.35,88.36,5.0,Taplejung/Sikkim,1998-09-10 04:42:00,
1998-09-06,03:20,87.84,87.0,4.6,Sankhuwasabha,1998-09-06 03:20:00,
1998-09-04,03:01,27.78,86.96,4.0,Solukhumbu,1998-09-04 03:01:00,SOLUKHUMBU
1998-09-03,00:00,27.87,86.96,5.6,Solukhumbu,1998-09-03 00:00:00,SOLUKHUMBU
1998-08-20,20:16,27.77,87.85,4.5,Taplejung,1998-08-20 20:16:00,TAPLEJUNG
1998-07-15,10:21,29.37,81.34,4.8,Bajura,1998-07-15 10:21:00,BAJURA
1998-06-27,14:50,27.87,85.81,5.4,Sindhupalchowk,1998-06-27 14:50:00,SINDHUPALCHOK
1998-05-16,16:16,26.83,84.87,5.5,Bihar,1998-05-16 16:16:00,
1998-05-10,20:41,29.41,82.38,4.7,Jumla,1998-05-10 20:41:00,JUMLA
1998-02-28,13:56,27.12,86.77,4.0,Khotang,1998-02-28 13:56:00,KHOTANG
1998-02-22,08:25,28.72,85.52,5.5,Tibet,1998-02-22 08:25:00,
1998-02-12,08:25,27.59,88.19,4.6,Taplejung,1998-02-12 08:25:00,
1997-12-08,12:22,27.02,86.92,4.5,Khotang,1997-12-08 12:22:00,KHOTANG
1997-12-08,07:48,27.94,87.07,5.6,Sankhuwasabha,1997-12-08 07:48:00,
1997-11-27,21:57,27.74,87.0,5.5,Sankhuwasabha,1997-11-27 21:57:00,SANKHUWASABHA
1997-11-26,03:41,27.88,86.34,4.7,Dolakha,1997-11-26 03:41:00,DOLAKHA
1997-10-24,17:51,28.66,82.54,5.2,Rukum,1997-10-24 17:51:00,RUKUM_W
1997-10-11,15:56,27.7,86.46,5.0,Ramechhap,1997-10-11 15:56:00,RAMECHHAP
1997-09-06,08:20,28.38,81.48,4.0,Bardiya,1997-09-06 08:20:00,BARDIYA
1997-06-17,12:11,28.93,81.48,4.1,Dailekh,1997-06-17 12:11:00,DAILEKH
1997-05-26,08:49,27.42,86.8,4.2,Solukhumbu,1997-05-26 08:49:00,SOLUKHUMBU
1997-05-26,06:30,27.34,86.78,4.0,Khotang,1997-05-26 06:30:00,KHOTANG
1997-05-21,04:36,23.71,80.47,6.0,India,1997-05-21 04:36:00,
1997-05-12,22:06,27.7,87.78,4.2,Taplejung,1997-05-12 22:06:00,TAPLEJUNG
1997-05-01,21:22,29.34,80.64,4.2,Dadeldhura,1997-05-01 21:22:00,DADELDHURA
1997-04-15,13:04,27.63,86.58,4.1,Solukhumbu,1997-04-15 13:04:00,SOLUKHUMBU
1997-04-07,18:45,27.47,86.67,5.1,Solukhumbu,1997-04-07 18:45:00,SOLUKHUMBU
1997-03-29,12:55,27.97,85.26,4.3,Nuwakot,1997-03-29 12:55:00,NUWAKOT
1997-03-24,03:13,28.08,85.29,5.4,Rasuwa,1997-03-24 03:13:00,RASUWA
1997-03-03,15:14,26.89,86.35,5.2,Udayapur,1997-03-03 15:14:00,UDAYAPUR
1997-02-18,12:40,29.52,81.33,4.4,Bajhang,1997-02-18 12:40:00,BAJHANG
1997-02-10,01:51,28.04,85.31,5.0,Rasuwa,1997-02-10 01:51:00,RASUWA
1997-02-08,11:01,27.96,85.32,5.4,Nuwakot,1997-02-08 11:01:00,NUWAKOT
1997-02-06,19:55,27.96,85.32,4.1,Nuwakot,1997-02-06 19:55:00,NUWAKOT
1997-02-03,16:23,28.09,85.32,5.1,Rasuwa,1997-02-03 16:23:00,RASUWA
1997-02-03,06:28,28.01,85.34,4.7,Rasuwa,1997-02-03 06:28:00,RASUWA
1997-02-01,11:40,28.01,85.32,5.0,Rasuwa,1997-02-01 11:40:00,RASUWA
1997-01-31,02:27,28.03,85.33,4.2,Rasuwa,1997-01-31 02:27:00,RASUWA
1997-01-31,02:40,28.0,85.29,4.9,Rasuwa,1997-01-31 02:40:00,RASUWA
1997-01-31,01:47,28.03,85.34,5.8,Rasuwa,1997-01-31 01:47:00,RASUWA
1997-01-05,14:32,29.79,80.59,5.6,Darchula,1997-01-05 14:32:00,DARCHULA
1996-12-31,12:54,26.94,86.54,4.4,Udayapur,1996-12-31 12:54:00,UDAYAPUR
1996-12-30,16:53,27.22,86.91,5.7,Khotang,1996-12-30 16:53:00,KHOTANG
1996-12-29,03:36,29.75,81.83,5.2,Humla,1996-12-29 03:36:00,HUMLA
1996-12-22,22:36,29.01,81.73,4.4,Dailekh,1996-12-22 22:36:00,DAILEKH
1996-12-22,03:30,28.56,81.96,4.1,Surkhet,1996-12-22 03:30:00,SURKHET
1996-11-08,06:39,29.67,81.7,4.9,Bajura,1996-11-08 06:39:00,BAJURA
1996-11-04,02:28,29.51,81.95,4.3,Bajura,1996-11-04 02:28:00,MUGU
1996-10-31,21:46,29.32,81.95,4.3,Jumla,1996-10-31 21:46:00,JUMLA
1996-09-22,03:42,29.17,81.09,4.1,Achham,1996-09-22 03:42:00,ACHHAM
1996-09-17,00:48,30.11,81.64,4.4,Humla,1996-09-17 00:48:00,HUMLA
1996-09-16,03:55,29.9,81.69,4.1,Bajura,1996-09-16 03:55:00,BAJURA
1996-08-28,06:53,29.58,81.65,4.3,Bajura,1996-08-28 06:53:00,BAJURA
1996-08-08,18:50,27.19,88.01,4.2,Panchthar,1996-08-08 18:50:00,PANCHTHAR
1996-07-28,12:10,29.45,81.94,4.0,Mugu,1996-07-28 12:10:00,MUGU
1996-07-14,16:38,29.55,81.04,4.0,Bajhang,1996-07-14 16:38:00,BAJHANG
1996-07-10,23:26,29.15,82.15,4.2,Jumla,1996-07-10 23:26:00,JUMLA
1996-05-27,13:04,27.4,86.95,4.0,Bhojpur,1996-05-27 13:04:00,BHOJPUR
1996-05-27,14:04,27.38,86.9,4.4,Khotang,1996-05-27 14:04:00,KHOTANG
1996-04-26,22:16,27.95,87.76,5.6,Taplejung,1996-04-26 22:16:00,
1996-04-05,04:22,26.9,86.36,4.0,Udayapur,1996-04-05 04:22:00,UDAYAPUR
1996-02-26,10:35,29.83,80.93,4.0,Darchula,1996-02-26 10:35:00,DARCHULA
1996-02-19,04:13,29.79,81.36,4.0,Bajhang,1996-02-19 04:13:00,BAJHANG
1996-02-19,04:16,29.74,81.36,4.1,Bajhang,1996-02-19 04:16:00,BAJHANG
1996-02-07,16:41,29.37,80.37,5.0,Baitadi,1996-02-07 16:41:00,BAITADI
1996-01-27,06:20,28.06,84.26,4.4,Tanahu,1996-01-27 06:20:00,TANAHU
1995-12-24,00:47,27.55,86.27,4.1,Ramechhap,1995-12-24 00:47:00,RAMECHHAP
1995-11-12,23:41,28.14,85.34,4.2,Rasuwa,1995-11-12 23:41:00,RASUWA
1995-10-27,17:18,28.76,83.72,4.2,Mustang,1995-10-27 17:18:00,MUSTANG
1995-10-04,20:24,28.26,84.39,4.7,Lamjung,1995-10-04 20:24:00,LAMJUNG
1995-08-08,00:54,30.0,81.58,4.3,Humla,1995-08-08 00:54:00,HUMLA
1995-08-07,05:57,29.88,81.62,4.9,Bajura,1995-08-07 05:57:00,BAJURA
1995-08-05,11:06,30.0,81.6,4.0,Humla,1995-08-05 11:06:00,HUMLA
1995-08-03,08:50,30.04,81.54,5.0,Humla,1995-08-03 08:50:00,HUMLA
1995-07-26,06:21,28.81,80.45,4.2,Kanchanpur,1995-07-26 06:21:00,KANCHANPUR
1995-07-24,14:57,28.02,86.78,4.1,Solukhumbu,1995-07-24 14:57:00,SOLUKHUMBU
1995-06-11,12:24,27.4,87.96,4.2,Taplejung,1995-06-11 12:24:00,TAPLEJUNG
1995-06-05,18:40,29.43,81.71,4.5,Bajura,1995-06-05 18:40:00,BAJURA
1995-05-09,03:30,28.59,84.5,4.1,Manang,1995-05-09 03:30:00,MANANG
1995-04-17,07:17,29.39,81.83,5.5,Kalikot,1995-04-17 07:17:00,KALIKOT
1995-04-17,23:19,29.52,81.65,4.9,Bajura,1995-04-17 23:19:00,BAJURA
1995-03-27,03:06,29.3,81.8,4.1,Kalikot,1995-03-27 03:06:00,KALIKOT
1995-02-28,21:00,29.96,80.78,4.1,Darchula,1995-02-28 21:00:00,DARCHULA
1995-02-18,18:54,27.81,85.89,4.7,Sindhupalchok,1995-02-18 18:54:00,SINDHUPALCHOK
1995-02-08,10:17,29.46,81.07,4.0,Bajhang,1995-02-08 10:17:00,BAJHANG
1995-02-06,14:05,27.14,87.74,4.1,Panchthar,1995-02-06 14:05:00,PANCHTHAR
1995-01-30,08:51,29.26,82.57,4.5,Dolpa,1995-01-30 08:51:00,DOLPA
1995-01-30,19:41,29.22,82.25,4.4,Jumla,1995-01-30 19:41:00,JUMLA
1995-01-30,11:00,29.38,82.3,4.0,Jumla,1995-01-30 11:00:00,JUMLA
1995-01-29,02:37,26.85,86.11,4.5,Dhanusa,1995-01-29 02:37:00,DHANUSHA
1995-01-27,23:05,29.08,81.73,4.3,Kalikot,1995-01-27 23:05:00,KALIKOT
1995-01-22,11:58,27.9,87.8,4.0,Taplejung,1995-01-22 11:58:00,TAPLEJUNG
1995-01-19,12:18,28.35,83.44,4.3,Myagdi,1995-01-19 12:18:00,MYAGDI
1995-01-05,17:23,29.82,80.95,4.4,Darchula,1995-01-05 17:23:00,DARCHULA
1994-12-21,19:23,27.9,84.99,4.2,Dhading,1994-12-21 19:23:00,DHADING
1994-12-13,14:26,28.47,82.98,4.5,Baglung,1994-12-13 14:26:00,BAGLUNG
1994-12-09,02:17,27.79,85.82,4.1,Sindhupalchok,1994-12-09 02:17:00,SINDHUPALCHOK
1994-11-27,22:42,29.73,81.65,4.6,Bajura,1994-11-27 22:42:00,BAJURA
1994-11-07,14:25,29.77,80.7,4.4,Darchula,1994-11-07 14:25:00,DARCHULA
1994-10-24,05:45,28.82,81.97,4.5,Jajarkot,1994-10-24 05:45:00,JAJARKOT
1994-10-22,13:35,28.82,82.22,4.5,Jajarkot,1994-10-22 13:35:00,JAJARKOT
1994-09-27,19:42,26.81,86.09,4.1,Dhanusha,1994-09-27 19:42:00,DHANUSHA
1994-08-16,01:44,26.92,86.62,4.0,Udayapur,1994-08-16 01:44:00,UDAYAPUR
1994-06-25,14:17,27.82,86.19,5.1,Dolakha,1994-06-25 14:17:00,DOLAKHA
1994-05-25,19:10,29.8,82.41,4.5,Mugu,1994-05-25 19:10:00,MUGU
1994-05-25,12:00,29.81,81.77,4.0,Bajura,1994-05-25 12:00:00,BAJURA
1994-05-03,00:30,28.52,83.03,4.4,Baglung,1994-05-03 00:30:00,BAGLUNG
1994-03-08,07:50,29.33,81.83,4.0,Kalikot,1994-03-08 07:50:00,KALIKOT
